00:00.0,0.001191,0.001935,0.000891
01:00.0,0.001184,0.00191,0.000955
02:00.0,0.001176,0.001883,0.001019
03:00.0,0.001166,0.001855,0.001082
04:00.0,0.001156,0.001826,0.001144
05:00.0,0.001144,0.001795,0.001205
06:00.0,0.001131,0.001763,0.001266
07:00.0,0.001117,0.00173,0.001325
08:00.0,0.001102,0.001696,0.001383
09:00.0,0.001086,0.001661,0.00144
10:00.0,0.001068,0.001624,0.001496
11:00.0,0.00105,0.001587,0.001551
12:00.0,0.00103,0.001548,0.001605
13:00.0,0.00101,0.001508,0.001657
14:00.0,0.000988,0.001468,0.001708
15:00.0,0.000965,0.001426,0.001758
16:00.0,0.000941,0.001384,0.001806
17:00.0,0.000916,0.001341,0.001853
18:00.0,0.00089,0.001297,0.001898
19:00.0,0.000862,0.001252,0.001942
20:00.0,0.000834,0.001207,0.001985
21:00.0,0.000805,0.001161,0.002026
22:00.0,0.000775,0.001114,0.002065
23:00.0,0.000743,0.001067,0.002103
24:00.0,0.000711,0.00102,0.002139
25:00.0,0.000678,0.000971,0.002173
26:00.0,0.000644,0.000923,0.002206
27:00.0,0.000609,0.000874,0.002237
28:00.0,0.000573,0.000825,0.002266
29:00.0,0.000536,0.000775,0.002294
30:00.0,0.000499,0.000725,0.00232
31:00.0,0.00046,0.000675,0.002343
32:00.0,0.000421,0.000625,0.002366
33:00.0,0.000381,0.000575,0.002386
34:00.0,0.000341,0.000524,0.002404
35:00.0,0.000299,0.000474,0.002421
36:00.0,0.000257,0.000423,0.002436
37:00.0,0.000215,0.000373,0.002449
38:00.0,0.000171,0.000323,0.00246
39:00.0,0.000128,0.000273,0.002469
40:00.0,0.000083,0.000223,0.002476
41:00.0,0.000039,0.000173,0.002481
42:00.0,-0.000007,0.000124,0.002484
43:00.0,-0.000052,0.000075,0.002486
44:00.0,-0.000098,0.000026,0.002485
45:00.0,-0.000145,-0.000023,0.002483
46:00.0,-0.000192,-0.00007,0.002479
47:00.0,-0.000239,-0.000118,0.002472
48:00.0,-0.000286,-0.000165,0.002464
49:00.0,-0.000333,-0.000211,0.002454
50:00.0,-0.000381,-0.000257,0.002442
51:00.0,-0.000429,-0.000302,0.002428
52:00.0,-0.000476,-0.000347,0.002413
53:00.0,-0.000524,-0.000391,0.002395
54:00.0,-0.000572,-0.000434,0.002376
55:00.0,-0.00062,-0.000476,0.002355
56:00.0,-0.000667,-0.000518,0.002332
57:00.0,-0.000715,-0.000559,0.002307
58:00.0,-0.000762,-0.000599,0.00228
59:00.0,-0.000809,-0.000638,0.002252
00:00.0,-0.000856,-0.000676,0.002222
01:00.0,-0.000903,-0.000714,0.00219
02:00.0,-0.000949,-0.00075,0.002156
03:00.0,-0.000995,-0.000785,0.002121
04:00.0,-0.00104,-0.00082,0.002084
05:00.0,-0.001085,-0.000853,0.002046
06:00.0,-0.001129,-0.000886,0.002006
07:00.0,-0.001173,-0.000917,0.001964
08:00.0,-0.001216,-0.000947,0.001921
09:00.0,-0.001259,-0.000976,0.001877
10:00.0,-0.001301,-0.001005,0.00183
11:00.0,-0.001342,-0.001032,0.001783
12:00.0,-0.001382,-0.001057,0.001734
13:00.0,-0.001422,-0.001082,0.001684
14:00.0,-0.00146,-0.001106,0.001632
15:00.0,-0.001498,-0.001128,0.00158
16:00.0,-0.001535,-0.001149,0.001526
17:00.0,-0.001571,-0.001169,0.001471
18:00.0,-0.001605,-0.001188,0.001414
19:00.0,-0.001639,-0.001206,0.001357
20:00.0,-0.001672,-0.001222,0.001298
21:00.0,-0.001704,-0.001238,0.001239
22:00.0,-0.001734,-0.001252,0.001178
23:00.0,-0.001763,-0.001264,0.001117
24:00.0,-0.001791,-0.001276,0.001055
25:00.0,-0.001818,-0.001287,0.000991
26:00.0,-0.001843,-0.001296,0.000928
27:00.0,-0.001868,-0.001304,0.000863
28:00.0,-0.00189,-0.001311,0.000798
29:00.0,-0.001912,-0.001316,0.000732
30:00.0,-0.001932,-0.001321,0.000665
31:00.0,-0.001951,-0.001324,0.000598
32:00.0,-0.001968,-0.001327,0.000531
33:00.0,-0.001983,-0.001328,0.000463
34:00.0,-0.001998,-0.001328,0.000394
35:00.0,-0.00201,-0.001326,0.000326
36:00.0,-0.002021,-0.001324,0.000257
37:00.0,-0.002031,-0.001321,0.000188
38:00.0,-0.002039,-0.001316,0.000119
39:00.0,-0.002045,-0.001311,0.000049
40:00.0,-0.00205,-0.001304,-0.00002
41:00.0,-0.002053,-0.001296,-0.000089
42:00.0,-0.002055,-0.001288,-0.000159
43:00.0,-0.002055,-0.001278,-0.000228
44:00.0,-0.002053,-0.001268,-0.000297
45:00.0,-0.00205,-0.001256,-0.000366
46:00.0,-0.002045,-0.001244,-0.000434
47:00.0,-0.002038,-0.00123,-0.000503
48:00.0,-0.002029,-0.001216,-0.00057
49:00.0,-0.002019,-0.001201,-0.000638
50:00.0,-0.002008,-0.001185,-0.000705
51:00.0,-0.001994,-0.001169,-0.000771
52:00.0,-0.001979,-0.001151,-0.000837
53:00.0,-0.001963,-0.001133,-0.000902
54:00.0,-0.001944,-0.001115,-0.000966
55:00.0,-0.001924,-0.001095,-0.00103
56:00.0,-0.001902,-0.001075,-0.001093
57:00.0,-0.001879,-0.001054,-0.001155
58:00.0,-0.001854,-0.001033,-0.001216
59:00.0,-0.001828,-0.001011,-0.001276
00:00.0,-0.0018,-0.000988,-0.001335
01:00.0,-0.00177,-0.000965,-0.001394
02:00.0,-0.001739,-0.000942,-0.001451
03:00.0,-0.001706,-0.000918,-0.001507
04:00.0,-0.001672,-0.000894,-0.001561
05:00.0,-0.001636,-0.000869,-0.001615
06:00.0,-0.001599,-0.000844,-0.001667
07:00.0,-0.00156,-0.000819,-0.001718
08:00.0,-0.00152,-0.000794,-0.001768
09:00.0,-0.001479,-0.000768,-0.001816
10:00.0,-0.001436,-0.000742,-0.001863
11:00.0,-0.001392,-0.000716,-0.001909
12:00.0,-0.001347,-0.000689,-0.001953
13:00.0,-0.0013,-0.000663,-0.001995
14:00.0,-0.001252,-0.000636,-0.002036
15:00.0,-0.001203,-0.000609,-0.002075
16:00.0,-0.001153,-0.000583,-0.002113
17:00.0,-0.001102,-0.000556,-0.002149
18:00.0,-0.001049,-0.00053,-0.002183
19:00.0,-0.000996,-0.000503,-0.002216
20:00.0,-0.000942,-0.000477,-0.002247
21:00.0,-0.000886,-0.00045,-0.002276
22:00.0,-0.00083,-0.000424,-0.002304
23:00.0,-0.000773,-0.000398,-0.00233
24:00.0,-0.000715,-0.000372,-0.002353
25:00.0,-0.000656,-0.000347,-0.002375
26:00.0,-0.000597,-0.000321,-0.002396
27:00.0,-0.000537,-0.000296,-0.002414
28:00.0,-0.000476,-0.000271,-0.00243
29:00.0,-0.000415,-0.000247,-0.002445
30:00.0,-0.000353,-0.000223,-0.002458
31:00.0,-0.000291,-0.000199,-0.002468
32:00.0,-0.000228,-0.000176,-0.002477
33:00.0,-0.000165,-0.000153,-0.002484
34:00.0,-0.000102,-0.00013,-0.002489
35:00.0,-0.000038,-0.000108,-0.002492
36:00.0,0.000026,-0.000087,-0.002493
37:00.0,0.00009,-0.000066,-0.002493
38:00.0,0.000154,-0.000045,-0.00249
39:00.0,0.000219,-0.000025,-0.002485
40:00.0,0.000283,-0.000006,-0.002478
41:00.0,0.000347,0.000013,-0.00247
42:00.0,0.000412,0.000032,-0.002459
43:00.0,0.000476,0.000049,-0.002447
44:00.0,0.000539,0.000066,-0.002433
45:00.0,0.000603,0.000083,-0.002416
46:00.0,0.000666,0.000099,-0.002398
47:00.0,0.000729,0.000114,-0.002378
48:00.0,0.000792,0.000129,-0.002357
49:00.0,0.000854,0.000143,-0.002333
50:00.0,0.000915,0.000156,-0.002307
51:00.0,0.000976,0.000169,-0.00228
52:00.0,0.001036,0.000181,-0.002251
53:00.0,0.001096,0.000193,-0.00222
54:00.0,0.001155,0.000203,-0.002188
55:00.0,0.001213,0.000213,-0.002153
56:00.0,0.00127,0.000223,-0.002117
57:00.0,0.001327,0.000232,-0.00208
58:00.0,0.001382,0.00024,-0.002041
59:00.0,0.001437,0.000247,-0.002
00:00.0,0.00149,0.000254,-0.001957
01:00.0,0.001542,0.00026,-0.001914
02:00.0,0.001594,0.000266,-0.001868
03:00.0,0.001644,0.00027,-0.001821
04:00.0,0.001693,0.000275,-0.001773
05:00.0,0.00174,0.000278,-0.001723
06:00.0,0.001786,0.000281,-0.001672
07:00.0,0.001831,0.000283,-0.00162
08:00.0,0.001875,0.000285,-0.001566
09:00.0,0.001917,0.000286,-0.001511
10:00.0,0.001958,0.000287,-0.001455
11:00.0,0.001997,0.000287,-0.001398
12:00.0,0.002035,0.000286,-0.00134
13:00.0,0.002071,0.000285,-0.001281
14:00.0,0.002106,0.000284,-0.00122
15:00.0,0.002139,0.000282,-0.001159
16:00.0,0.00217,0.000279,-0.001097
17:00.0,0.0022,0.000276,-0.001034
18:00.0,0.002228,0.000272,-0.00097
19:00.0,0.002254,0.000268,-0.000905
20:00.0,0.002278,0.000264,-0.00084
21:00.0,0.002301,0.000259,-0.000774
22:00.0,0.002322,0.000254,-0.000708
23:00.0,0.002341,0.000248,-0.000641
24:00.0,0.002358,0.000242,-0.000573
25:00.0,0.002373,0.000236,-0.000505
26:00.0,0.002387,0.000229,-0.000436
27:00.0,0.002398,0.000222,-0.000368
28:00.0,0.002408,0.000215,-0.000299
29:00.0,0.002416,0.000208,-0.000229
30:00.0,0.002421,0.0002,-0.00016
31:00.0,0.002425,0.000193,-0.00009
32:00.0,0.002427,0.000185,-0.000021
33:00.0,0.002428,0.000177,0.000049
34:00.0,0.002426,0.000168,0.000119
35:00.0,0.002422,0.00016,0.000188
36:00.0,0.002416,0.000152,0.000258
37:00.0,0.002409,0.000143,0.000327
38:00.0,0.002399,0.000135,0.000396
39:00.0,0.002388,0.000126,0.000464
40:00.0,0.002375,0.000117,0.000532
41:00.0,0.002359,0.000109,0.0006
42:00.0,0.002342,0.0001,0.000667
43:00.0,0.002323,0.000092,0.000734
44:00.0,0.002303,0.000084,0.0008
45:00.0,0.00228,0.000076,0.000866
46:00.0,0.002256,0.000068,0.00093
47:00.0,0.00223,0.00006,0.000995
48:00.0,0.002202,0.000052,0.001058
49:00.0,0.002172,0.000045,0.00112
50:00.0,0.002141,0.000038,0.001182
51:00.0,0.002108,0.000031,0.001242
52:00.0,0.002073,0.000024,0.001302
53:00.0,0.002037,0.000018,0.001361
54:00.0,0.001999,0.000011,0.001418
55:00.0,0.00196,0.000006,0.001475
56:00.0,0.001919,0,0.00153
57:00.0,0.001876,-0.000005,0.001584
58:00.0,0.001832,-0.000009,0.001637
59:00.0,0.001787,-0.000014,0.001688
00:00.0,0.00174,-0.000018,0.001739
01:00.0,0.001692,-0.000021,0.001787
02:00.0,0.001643,-0.000024,0.001835
03:00.0,0.001592,-0.000027,0.001881
04:00.0,0.001541,-0.000029,0.001925
05:00.0,0.001488,-0.00003,0.001969
06:00.0,0.001434,-0.000031,0.00201
07:00.0,0.001378,-0.000032,0.00205
08:00.0,0.001322,-0.000032,0.002088
09:00.0,0.001265,-0.000032,0.002125
10:00.0,0.001207,-0.000031,0.00216
11:00.0,0.001148,-0.000029,0.002194
12:00.0,0.001088,-0.000027,0.002225
13:00.0,0.001027,-0.000025,0.002255
14:00.0,0.000966,-0.000022,0.002283
15:00.0,0.000904,-0.000018,0.00231
16:00.0,0.000841,-0.000014,0.002334
17:00.0,0.000778,-0.000009,0.002357
18:00.0,0.000714,-0.000004,0.002378
19:00.0,0.00065,0.000002,0.002398
20:00.0,0.000585,0.000009,0.002415
21:00.0,0.00052,0.000016,0.00243
22:00.0,0.000455,0.000023,0.002444
23:00.0,0.000389,0.000031,0.002456
24:00.0,0.000323,0.00004,0.002465
25:00.0,0.000257,0.000049,0.002473
26:00.0,0.000191,0.000059,0.002479
27:00.0,0.000125,0.00007,0.002483
28:00.0,0.000059,0.00008,0.002485
29:00.0,-0.000007,0.000092,0.002486
30:00.0,-0.000073,0.000104,0.002484
31:00.0,-0.000139,0.000116,0.00248
32:00.0,-0.000205,0.000129,0.002475
33:00.0,-0.00027,0.000142,0.002468
34:00.0,-0.000335,0.000156,0.002458
35:00.0,-0.0004,0.00017,0.002447
36:00.0,-0.000464,0.000185,0.002434
37:00.0,-0.000528,0.0002,0.002419
38:00.0,-0.000591,0.000216,0.002402
39:00.0,-0.000653,0.000232,0.002383
40:00.0,-0.000715,0.000248,0.002363
41:00.0,-0.000777,0.000265,0.002341
42:00.0,-0.000837,0.000282,0.002316
43:00.0,-0.000897,0.000299,0.002291
44:00.0,-0.000956,0.000317,0.002263
45:00.0,-0.001014,0.000335,0.002233
46:00.0,-0.001071,0.000353,0.002202
47:00.0,-0.001127,0.000371,0.002169
48:00.0,-0.001183,0.00039,0.002135
49:00.0,-0.001237,0.000409,0.002099
50:00.0,-0.00129,0.000428,0.002061
51:00.0,-0.001342,0.000447,0.002021
52:00.0,-0.001392,0.000466,0.00198
53:00.0,-0.001442,0.000485,0.001938
54:00.0,-0.00149,0.000505,0.001894
55:00.0,-0.001537,0.000524,0.001848
56:00.0,-0.001583,0.000543,0.001801
57:00.0,-0.001627,0.000563,0.001753
58:00.0,-0.00167,0.000582,0.001703
59:00.0,-0.001712,0.000602,0.001652
00:00.0,-0.001752,0.000621,0.0016
01:00.0,-0.00179,0.00064,0.001547
02:00.0,-0.001827,0.000659,0.001492
03:00.0,-0.001863,0.000678,0.001436
04:00.0,-0.001897,0.000696,0.001379
05:00.0,-0.001929,0.000714,0.001321
06:00.0,-0.00196,0.000732,0.001262
07:00.0,-0.001989,0.00075,0.001202
08:00.0,-0.002017,0.000768,0.001141
09:00.0,-0.002043,0.000785,0.001079
10:00.0,-0.002067,0.000801,0.001016
11:00.0,-0.002089,0.000818,0.000952
12:00.0,-0.00211,0.000834,0.000888
13:00.0,-0.002129,0.000849,0.000823
14:00.0,-0.002146,0.000864,0.000757
15:00.0,-0.002162,0.000878,0.000691
16:00.0,-0.002175,0.000892,0.000624
17:00.0,-0.002187,0.000906,0.000557
18:00.0,-0.002197,0.000918,0.000489
19:00.0,-0.002206,0.000931,0.000421
20:00.0,-0.002213,0.000942,0.000352
21:00.0,-0.002217,0.000953,0.000284
22:00.0,-0.002221,0.000963,0.000215
23:00.0,-0.002222,0.000972,0.000145
24:00.0,-0.002221,0.000981,0.000076
25:00.0,-0.002219,0.000989,0.000007
26:00.0,-0.002215,0.000996,-0.000063
27:00.0,-0.00221,0.001003,-0.000132
28:00.0,-0.002202,0.001008,-0.000201
29:00.0,-0.002193,0.001013,-0.00027
30:00.0,-0.002182,0.001017,-0.000339
31:00.0,-0.00217,0.00102,-0.000408
32:00.0,-0.002156,0.001022,-0.000476
33:00.0,-0.00214,0.001023,-0.000544
34:00.0,-0.002123,0.001023,-0.000612
35:00.0,-0.002103,0.001022,-0.000679
36:00.0,-0.002083,0.001021,-0.000745
37:00.0,-0.002061,0.001018,-0.000811
38:00.0,-0.002037,0.001015,-0.000877
39:00.0,-0.002012,0.00101,-0.000942
40:00.0,-0.001985,0.001004,-0.001005
41:00.0,-0.001957,0.000998,-0.001069
42:00.0,-0.001927,0.00099,-0.001131
43:00.0,-0.001896,0.000982,-0.001193
44:00.0,-0.001864,0.000972,-0.001253
45:00.0,-0.00183,0.000961,-0.001313
46:00.0,-0.001795,0.00095,-0.001371
47:00.0,-0.001759,0.000937,-0.001429
48:00.0,-0.001721,0.000923,-0.001485
49:00.0,-0.001683,0.000908,-0.00154
50:00.0,-0.001643,0.000892,-0.001594
51:00.0,-0.001602,0.000876,-0.001647
52:00.0,-0.00156,0.000858,-0.001699
53:00.0,-0.001517,0.000839,-0.001749
54:00.0,-0.001473,0.000819,-0.001798
55:00.0,-0.001428,0.000798,-0.001845
56:00.0,-0.001382,0.000776,-0.001891
57:00.0,-0.001336,0.000753,-0.001936
58:00.0,-0.001288,0.000729,-0.001979
59:00.0,-0.00124,0.000704,-0.00202
00:00.0,-0.001191,0.000678,-0.00206
01:00.0,-0.001141,0.000652,-0.002099
02:00.0,-0.001091,0.000624,-0.002135
03:00.0,-0.00104,0.000595,-0.00217
04:00.0,-0.000989,0.000566,-0.002204
05:00.0,-0.000937,0.000535,-0.002235
06:00.0,-0.000884,0.000504,-0.002265
07:00.0,-0.000832,0.000472,-0.002293
08:00.0,-0.000779,0.000439,-0.00232
09:00.0,-0.000725,0.000405,-0.002344
10:00.0,-0.000672,0.00037,-0.002367
11:00.0,-0.000618,0.000335,-0.002388
12:00.0,-0.000564,0.000299,-0.002407
13:00.0,-0.00051,0.000262,-0.002424
14:00.0,-0.000456,0.000225,-0.00244
15:00.0,-0.000401,0.000187,-0.002453
16:00.0,-0.000347,0.000148,-0.002465
17:00.0,-0.000293,0.000109,-0.002474
18:00.0,-0.000239,0.000069,-0.002482
19:00.0,-0.000185,0.000029,-0.002488
20:00.0,-0.000132,-0.000012,-0.002491
21:00.0,-0.000078,-0.000054,-0.002493
22:00.0,-0.000025,-0.000095,-0.002493
23:00.0,0.000027,-0.000137,-0.002491
24:00.0,0.00008,-0.00018,-0.002487
25:00.0,0.000131,-0.000223,-0.002481
26:00.0,0.000183,-0.000266,-0.002473
27:00.0,0.000234,-0.000309,-0.002464
28:00.0,0.000284,-0.000353,-0.002452
29:00.0,0.000334,-0.000397,-0.002438
30:00.0,0.000383,-0.00044,-0.002423
31:00.0,0.000431,-0.000484,-0.002405
32:00.0,0.000479,-0.000528,-0.002386
33:00.0,0.000526,-0.000573,-0.002365
34:00.0,0.000572,-0.000617,-0.002342
35:00.0,0.000618,-0.000661,-0.002317
36:00.0,0.000662,-0.000704,-0.002291
37:00.0,0.000706,-0.000748,-0.002262
38:00.0,0.000749,-0.000792,-0.002232
39:00.0,0.00079,-0.000835,-0.0022
40:00.0,0.000831,-0.000878,-0.002167
41:00.0,0.000871,-0.000921,-0.002132
42:00.0,0.00091,-0.000963,-0.002095
43:00.0,0.000948,-0.001005,-0.002056
44:00.0,0.000984,-0.001047,-0.002016
45:00.0,0.00102,-0.001088,-0.001974
46:00.0,0.001054,-0.001128,-0.001931
47:00.0,0.001087,-0.001168,-0.001886
48:00.0,0.00112,-0.001207,-0.00184
49:00.0,0.00115,-0.001246,-0.001792
50:00.0,0.00118,-0.001284,-0.001743
51:00.0,0.001209,-0.001322,-0.001692
52:00.0,0.001236,-0.001358,-0.00164
53:00.0,0.001262,-0.001394,-0.001587
54:00.0,0.001286,-0.001429,-0.001533
55:00.0,0.00131,-0.001463,-0.001477
56:00.0,0.001332,-0.001496,-0.00142
57:00.0,0.001353,-0.001528,-0.001363
58:00.0,0.001372,-0.001559,-0.001304
59:00.0,0.001391,-0.001589,-0.001244
00:00.0,0.001408,-0.001618,-0.001183
01:00.0,0.001423,-0.001646,-0.001121
02:00.0,0.001437,-0.001673,-0.001058
03:00.0,0.00145,-0.001699,-0.000995
04:00.0,0.001462,-0.001724,-0.00093
05:00.0,0.001472,-0.001747,-0.000865
06:00.0,0.001481,-0.001769,-0.0008
07:00.0,0.001489,-0.00179,-0.000733
08:00.0,0.001495,-0.001809,-0.000666
09:00.0,0.0015,-0.001827,-0.000599
10:00.0,0.001504,-0.001844,-0.000531
11:00.0,0.001506,-0.001859,-0.000463
12:00.0,0.001507,-0.001873,-0.000394
13:00.0,0.001507,-0.001886,-0.000325
14:00.0,0.001506,-0.001897,-0.000256
15:00.0,0.001503,-0.001907,-0.000187
16:00.0,0.001499,-0.001915,-0.000117
17:00.0,0.001494,-0.001922,-0.000047
18:00.0,0.001488,-0.001927,0.000022
19:00.0,0.001481,-0.00193,0.000092
20:00.0,0.001472,-0.001932,0.000161
21:00.0,0.001462,-0.001933,0.000231
22:00.0,0.001451,-0.001932,0.0003
23:00.0,0.001439,-0.001929,0.000369
24:00.0,0.001426,-0.001925,0.000438
25:00.0,0.001412,-0.001919,0.000506
26:00.0,0.001397,-0.001912,0.000574
27:00.0,0.001381,-0.001903,0.000641
28:00.0,0.001364,-0.001892,0.000708
29:00.0,0.001346,-0.00188,0.000775
30:00.0,0.001327,-0.001867,0.00084
31:00.0,0.001308,-0.001851,0.000906
32:00.0,0.001287,-0.001834,0.00097
33:00.0,0.001266,-0.001816,0.001034
34:00.0,0.001243,-0.001796,0.001096
35:00.0,0.00122,-0.001774,0.001158
36:00.0,0.001197,-0.001751,0.001219
37:00.0,0.001172,-0.001727,0.001279
38:00.0,0.001147,-0.0017,0.001338
39:00.0,0.001121,-0.001673,0.001396
40:00.0,0.001095,-0.001644,0.001453
41:00.0,0.001068,-0.001613,0.001509
42:00.0,0.001041,-0.001581,0.001563
43:00.0,0.001013,-0.001547,0.001617
44:00.0,0.000984,-0.001513,0.001669
45:00.0,0.000956,-0.001476,0.001719
46:00.0,0.000926,-0.001439,0.001769
47:00.0,0.000897,-0.0014,0.001817
48:00.0,0.000867,-0.001359,0.001863
49:00.0,0.000837,-0.001318,0.001909
50:00.0,0.000806,-0.001275,0.001952
51:00.0,0.000776,-0.001231,0.001994
52:00.0,0.000745,-0.001186,0.002035
53:00.0,0.000714,-0.001139,0.002074
54:00.0,0.000683,-0.001092,0.002111
55:00.0,0.000651,-0.001043,0.002147
56:00.0,0.00062,-0.000993,0.002181
57:00.0,0.000589,-0.000943,0.002213
58:00.0,0.000558,-0.000891,0.002244
59:00.0,0.000526,-0.000839,0.002273
00:00.0,0.000495,-0.000785,0.0023
01:00.0,0.000464,-0.000731,0.002325
02:00.0,0.000433,-0.000676,0.002349
03:00.0,0.000402,-0.00062,0.00237
04:00.0,0.000372,-0.000563,0.00239
05:00.0,0.000341,-0.000506,0.002408
06:00.0,0.000311,-0.000448,0.002425
07:00.0,0.000282,-0.000389,0.002439
08:00.0,0.000252,-0.00033,0.002451
09:00.0,0.000223,-0.000271,0.002462
10:00.0,0.000194,-0.000211,0.00247
11:00.0,0.000166,-0.00015,0.002477
12:00.0,0.000138,-0.000089,0.002482
13:00.0,0.00011,-0.000028,0.002485
14:00.0,0.000083,0.000033,0.002486
15:00.0,0.000056,0.000095,0.002485
16:00.0,0.00003,0.000156,0.002482
17:00.0,0.000005,0.000218,0.002477
18:00.0,-0.000021,0.00028,0.002471
19:00.0,-0.000045,0.000342,0.002462
20:00.0,-0.000069,0.000404,0.002452
21:00.0,-0.000092,0.000465,0.002439
22:00.0,-0.000115,0.000527,0.002425
23:00.0,-0.000137,0.000588,0.002409
24:00.0,-0.000159,0.000649,0.002391
25:00.0,-0.000179,0.00071,0.002371
26:00.0,-0.000199,0.000771,0.002349
27:00.0,-0.000219,0.000831,0.002326
28:00.0,-0.000238,0.00089,0.002301
29:00.0,-0.000256,0.00095,0.002274
30:00.0,-0.000273,0.001008,0.002245
31:00.0,-0.00029,0.001066,0.002214
32:00.0,-0.000306,0.001123,0.002182
33:00.0,-0.000321,0.00118,0.002148
34:00.0,-0.000335,0.001236,0.002113
35:00.0,-0.000349,0.001291,0.002076
36:00.0,-0.000362,0.001345,0.002037
37:00.0,-0.000374,0.001398,0.001996
38:00.0,-0.000386,0.001451,0.001954
39:00.0,-0.000396,0.001502,0.001911
40:00.0,-0.000406,0.001552,0.001866
41:00.0,-0.000416,0.001602,0.00182
42:00.0,-0.000424,0.00165,0.001772
43:00.0,-0.000432,0.001697,0.001723
44:00.0,-0.000439,0.001743,0.001672
45:00.0,-0.000445,0.001787,0.00162
46:00.0,-0.000451,0.00183,0.001567
47:00.0,-0.000456,0.001872,0.001513
48:00.0,-0.00046,0.001913,0.001458
49:00.0,-0.000463,0.001952,0.001401
50:00.0,-0.000466,0.001989,0.001343
51:00.0,-0.000468,0.002026,0.001285
52:00.0,-0.00047,0.00206,0.001225
53:00.0,-0.000471,0.002094,0.001164
54:00.0,-0.000471,0.002125,0.001103
55:00.0,-0.000471,0.002155,0.00104
56:00.0,-0.00047,0.002183,0.000977
57:00.0,-0.000468,0.00221,0.000913
58:00.0,-0.000466,0.002235,0.000848
59:00.0,-0.000463,0.002258,0.000783
00:00.0,-0.00046,0.00228,0.000717
01:00.0,-0.000456,0.0023,0.00065
02:00.0,-0.000452,0.002318,0.000583
03:00.0,-0.000447,0.002334,0.000515
04:00.0,-0.000441,0.002348,0.000447
05:00.0,-0.000436,0.002361,0.000379
06:00.0,-0.000429,0.002372,0.00031
07:00.0,-0.000423,0.002381,0.000241
08:00.0,-0.000416,0.002388,0.000172
09:00.0,-0.000409,0.002393,0.000103
10:00.0,-0.000401,0.002396,0.000033
11:00.0,-0.000393,0.002398,-0.000036
12:00.0,-0.000385,0.002397,-0.000105
13:00.0,-0.000376,0.002395,-0.000175
14:00.0,-0.000367,0.00239,-0.000244
15:00.0,-0.000358,0.002384,-0.000313
16:00.0,-0.000349,0.002376,-0.000382
17:00.0,-0.000339,0.002366,-0.00045
18:00.0,-0.00033,0.002354,-0.000518
19:00.0,-0.00032,0.002341,-0.000586
20:00.0,-0.00031,0.002325,-0.000653
21:00.0,-0.0003,0.002308,-0.00072
22:00.0,-0.00029,0.002288,-0.000786
23:00.0,-0.00028,0.002267,-0.000852
24:00.0,-0.00027,0.002244,-0.000917
25:00.0,-0.00026,0.00222,-0.000981
26:00.0,-0.00025,0.002193,-0.001044
27:00.0,-0.00024,0.002165,-0.001107
28:00.0,-0.00023,0.002135,-0.001169
29:00.0,-0.00022,0.002103,-0.00123
30:00.0,-0.00021,0.00207,-0.00129
31:00.0,-0.000201,0.002035,-0.001349
32:00.0,-0.000191,0.001998,-0.001407
33:00.0,-0.000182,0.00196,-0.001464
34:00.0,-0.000173,0.00192,-0.001519
35:00.0,-0.000164,0.001879,-0.001574
36:00.0,-0.000155,0.001836,-0.001627
37:00.0,-0.000147,0.001792,-0.001679
38:00.0,-0.000139,0.001746,-0.00173
39:00.0,-0.000131,0.001699,-0.001779
40:00.0,-0.000124,0.00165,-0.001827
41:00.0,-0.000117,0.001601,-0.001874
42:00.0,-0.00011,0.001549,-0.001919
43:00.0,-0.000104,0.001497,-0.001962
44:00.0,-0.000098,0.001444,-0.002005
45:00.0,-0.000092,0.001389,-0.002045
46:00.0,-0.000087,0.001333,-0.002084
47:00.0,-0.000082,0.001276,-0.002121
48:00.0,-0.000078,0.001218,-0.002157
49:00.0,-0.000074,0.00116,-0.002191
50:00.0,-0.000071,0.0011,-0.002223
51:00.0,-0.000068,0.001039,-0.002254
52:00.0,-0.000066,0.000978,-0.002283
53:00.0,-0.000064,0.000916,-0.00231
54:00.0,-0.000062,0.000853,-0.002335
55:00.0,-0.000061,0.000789,-0.002359
56:00.0,-0.000061,0.000725,-0.00238
57:00.0,-0.000061,0.00066,-0.0024
58:00.0,-0.000062,0.000595,-0.002418
59:00.0,-0.000063,0.000529,-0.002434
00:00.0,-0.000065,0.000463,-0.002448
01:00.0,-0.000067,0.000397,-0.00246
02:00.0,-0.00007,0.00033,-0.002471
03:00.0,-0.000073,0.000263,-0.002479
04:00.0,-0.000077,0.000196,-0.002486
05:00.0,-0.000081,0.000129,-0.00249
06:00.0,-0.000086,0.000062,-0.002493
07:00.0,-0.000091,-0.000005,-0.002493
08:00.0,-0.000097,-0.000073,-0.002492
09:00.0,-0.000104,-0.00014,-0.002489
10:00.0,-0.000111,-0.000207,-0.002484
11:00.0,-0.000118,-0.000273,-0.002477
12:00.0,-0.000126,-0.00034,-0.002468
13:00.0,-0.000135,-0.000406,-0.002457
14:00.0,-0.000143,-0.000472,-0.002444
15:00.0,-0.000153,-0.000537,-0.002429
16:00.0,-0.000163,-0.000602,-0.002412
17:00.0,-0.000173,-0.000666,-0.002394
18:00.0,-0.000184,-0.00073,-0.002373
19:00.0,-0.000195,-0.000793,-0.002351
20:00.0,-0.000206,-0.000856,-0.002327
21:00.0,-0.000218,-0.000917,-0.002301
22:00.0,-0.00023,-0.000978,-0.002274
23:00.0,-0.000243,-0.001038,-0.002244
24:00.0,-0.000256,-0.001097,-0.002213
25:00.0,-0.000269,-0.001155,-0.00218
26:00.0,-0.000283,-0.001212,-0.002145
27:00.0,-0.000297,-0.001269,-0.002109
28:00.0,-0.000311,-0.001324,-0.002071
29:00.0,-0.000325,-0.001378,-0.002031
30:00.0,-0.00034,-0.00143,-0.00199
31:00.0,-0.000355,-0.001482,-0.001948
32:00.0,-0.00037,-0.001532,-0.001903
33:00.0,-0.000385,-0.001581,-0.001858
34:00.0,-0.0004,-0.001629,-0.00181
35:00.0,-0.000415,-0.001675,-0.001762
36:00.0,-0.000431,-0.00172,-0.001712
37:00.0,-0.000446,-0.001763,-0.00166
38:00.0,-0.000462,-0.001805,-0.001608
39:00.0,-0.000477,-0.001846,-0.001554
40:00.0,-0.000493,-0.001885,-0.001499
41:00.0,-0.000508,-0.001922,-0.001442
42:00.0,-0.000523,-0.001958,-0.001385
43:00.0,-0.000539,-0.001992,-0.001327
44:00.0,-0.000554,-0.002024,-0.001267
45:00.0,-0.000569,-0.002055,-0.001206
46:00.0,-0.000584,-0.002084,-0.001145
47:00.0,-0.000598,-0.002111,-0.001083
48:00.0,-0.000613,-0.002137,-0.001019
49:00.0,-0.000627,-0.002161,-0.000955
50:00.0,-0.000641,-0.002183,-0.000891
51:00.0,-0.000655,-0.002203,-0.000825
52:00.0,-0.000668,-0.002222,-0.000759
53:00.0,-0.000681,-0.002239,-0.000692
54:00.0,-0.000693,-0.002253,-0.000625
55:00.0,-0.000705,-0.002266,-0.000557
56:00.0,-0.000717,-0.002278,-0.000489
57:00.0,-0.000728,-0.002287,-0.000421
58:00.0,-0.000739,-0.002295,-0.000352
59:00.0,-0.000749,-0.0023,-0.000283
00:00.0,-0.000759,-0.002304,-0.000213
01:00.0,-0.000768,-0.002306,-0.000144
02:00.0,-0.000777,-0.002306,-0.000074
03:00.0,-0.000785,-0.002305,-0.000005
04:00.0,-0.000792,-0.002301,0.000065
05:00.0,-0.000799,-0.002296,0.000135
06:00.0,-0.000805,-0.002289,0.000204
07:00.0,-0.00081,-0.00228,0.000273
08:00.0,-0.000815,-0.002269,0.000342
09:00.0,-0.000819,-0.002256,0.000411
10:00.0,-0.000822,-0.002242,0.00048
11:00.0,-0.000824,-0.002226,0.000548
12:00.0,-0.000826,-0.002209,0.000615
13:00.0,-0.000827,-0.002189,0.000683
14:00.0,-0.000827,-0.002168,0.000749
15:00.0,-0.000826,-0.002146,0.000815
16:00.0,-0.000825,-0.002121,0.000881
17:00.0,-0.000822,-0.002095,0.000945
18:00.0,-0.000819,-0.002068,0.001009
19:00.0,-0.000815,-0.002039,0.001072
20:00.0,-0.00081,-0.002008,0.001134
21:00.0,-0.000804,-0.001976,0.001196
22:00.0,-0.000797,-0.001943,0.001256
23:00.0,-0.00079,-0.001908,0.001316
24:00.0,-0.000781,-0.001872,0.001374
25:00.0,-0.000772,-0.001834,0.001431
26:00.0,-0.000761,-0.001796,0.001487
27:00.0,-0.00075,-0.001756,0.001542
28:00.0,-0.000738,-0.001714,0.001596
29:00.0,-0.000725,-0.001672,0.001649
30:00.0,-0.000711,-0.001628,0.0017
31:00.0,-0.000696,-0.001583,0.00175
32:00.0,-0.00068,-0.001538,0.001798
33:00.0,-0.000663,-0.001491,0.001846
34:00.0,-0.000645,-0.001443,0.001891
35:00.0,-0.000627,-0.001394,0.001935
36:00.0,-0.000607,-0.001345,0.001978
37:00.0,-0.000587,-0.001295,0.002019
38:00.0,-0.000566,-0.001243,0.002059
39:00.0,-0.000543,-0.001191,0.002097
40:00.0,-0.00052,-0.001139,0.002133
41:00.0,-0.000497,-0.001086,0.002168
42:00.0,-0.000472,-0.001032,0.002201
43:00.0,-0.000446,-0.000977,0.002232
44:00.0,-0.00042,-0.000923,0.002262
45:00.0,-0.000393,-0.000867,0.00229
46:00.0,-0.000365,-0.000812,0.002316
47:00.0,-0.000336,-0.000755,0.00234
48:00.0,-0.000307,-0.000699,0.002362
49:00.0,-0.000277,-0.000642,0.002383
50:00.0,-0.000246,-0.000586,0.002402
51:00.0,-0.000214,-0.000529,0.002419
52:00.0,-0.000182,-0.000471,0.002434
53:00.0,-0.000149,-0.000414,0.002447
54:00.0,-0.000116,-0.000357,0.002458
55:00.0,-0.000082,-0.0003,0.002467
56:00.0,-0.000048,-0.000243,0.002475
57:00.0,-0.000012,-0.000186,0.00248
58:00.0,0.000023,-0.000129,0.002484
59:00.0,0.000059,-0.000073,0.002486
00:00.0,0.000096,-0.000016,0.002485
01:00.0,0.000133,0.000039,0.002483
02:00.0,0.00017,0.000095,0.002479
03:00.0,0.000208,0.00015,0.002473
04:00.0,0.000246,0.000205,0.002466
05:00.0,0.000284,0.000259,0.002456
06:00.0,0.000322,0.000313,0.002444
07:00.0,0.000361,0.000366,0.002431
08:00.0,0.0004,0.000419,0.002415
09:00.0,0.000439,0.00047,0.002398
10:00.0,0.000479,0.000522,0.002379
11:00.0,0.000518,0.000572,0.002358
12:00.0,0.000557,0.000622,0.002335
13:00.0,0.000597,0.00067,0.002311
14:00.0,0.000636,0.000718,0.002284
15:00.0,0.000676,0.000766,0.002256
16:00.0,0.000715,0.000812,0.002226
17:00.0,0.000754,0.000857,0.002195
18:00.0,0.000793,0.000901,0.002162
19:00.0,0.000832,0.000944,0.002127
20:00.0,0.00087,0.000987,0.00209
21:00.0,0.000908,0.001028,0.002052
22:00.0,0.000946,0.001068,0.002012
23:00.0,0.000984,0.001107,0.001971
24:00.0,0.001021,0.001144,0.001928
25:00.0,0.001057,0.001181,0.001884
26:00.0,0.001094,0.001216,0.001838
27:00.0,0.001129,0.00125,0.001791
28:00.0,0.001164,0.001283,0.001742
29:00.0,0.001199,0.001315,0.001692
30:00.0,0.001233,0.001345,0.001641
31:00.0,0.001266,0.001374,0.001588
32:00.0,0.001299,0.001402,0.001534
33:00.0,0.00133,0.001428,0.001479
34:00.0,0.001361,0.001453,0.001423
35:00.0,0.001392,0.001477,0.001366
36:00.0,0.001421,0.001499,0.001307
37:00.0,0.001449,0.00152,0.001248
38:00.0,0.001477,0.00154,0.001188
39:00.0,0.001504,0.001558,0.001126
40:00.0,0.001529,0.001574,0.001064
41:00.0,0.001554,0.00159,0.001001
42:00.0,0.001577,0.001604,0.000938
43:00.0,0.0016,0.001616,0.000873
44:00.0,0.001621,0.001627,0.000808
45:00.0,0.001642,0.001637,0.000742
46:00.0,0.001661,0.001645,0.000676
47:00.0,0.001679,0.001652,0.000609
48:00.0,0.001695,0.001657,0.000541
49:00.0,0.001711,0.001661,0.000473
50:00.0,0.001725,0.001664,0.000405
51:00.0,0.001738,0.001665,0.000337
52:00.0,0.001749,0.001665,0.000268
53:00.0,0.001759,0.001664,0.000199
54:00.0,0.001768,0.001661,0.000129
55:00.0,0.001776,0.001657,0.00006
56:00.0,0.001782,0.001652,-0.000009
57:00.0,0.001787,0.001645,-0.000079
58:00.0,0.00179,0.001637,-0.000148
59:00.0,0.001792,0.001628,-0.000217
00:00.0,0.001792,0.001617,-0.000286
01:00.0,0.001791,0.001606,-0.000355
02:00.0,0.001789,0.001593,-0.000424
03:00.0,0.001785,0.001578,-0.000492
04:00.0,0.001779,0.001563,-0.00056
05:00.0,0.001772,0.001547,-0.000627
06:00.0,0.001764,0.001529,-0.000694
07:00.0,0.001754,0.001511,-0.000761
08:00.0,0.001742,0.001491,-0.000827
09:00.0,0.001729,0.00147,-0.000892
10:00.0,0.001715,0.001449,-0.000956
11:00.0,0.001699,0.001426,-0.00102
12:00.0,0.001682,0.001403,-0.001083
13:00.0,0.001663,0.001378,-0.001145
14:00.0,0.001642,0.001353,-0.001206
15:00.0,0.00162,0.001327,-0.001267
16:00.0,0.001597,0.0013,-0.001326
17:00.0,0.001572,0.001272,-0.001384
18:00.0,0.001546,0.001243,-0.001442
19:00.0,0.001518,0.001214,-0.001498
20:00.0,0.001489,0.001184,-0.001553
21:00.0,0.001459,0.001154,-0.001607
22:00.0,0.001427,0.001123,-0.001659
23:00.0,0.001393,0.001091,-0.00171
24:00.0,0.001359,0.001059,-0.00176
25:00.0,0.001323,0.001026,-0.001809
26:00.0,0.001286,0.000993,-0.001856
27:00.0,0.001247,0.000959,-0.001902
28:00.0,0.001208,0.000925,-0.001946
29:00.0,0.001167,0.000891,-0.001989
30:00.0,0.001125,0.000856,-0.00203
31:00.0,0.001081,0.000821,-0.002069
32:00.0,0.001037,0.000786,-0.002107
33:00.0,0.000991,0.00075,-0.002144
34:00.0,0.000945,0.000715,-0.002178
35:00.0,0.000897,0.000679,-0.002211
36:00.0,0.000849,0.000643,-0.002242
37:00.0,0.000799,0.000608,-0.002272
38:00.0,0.000749,0.000572,-0.0023
39:00.0,0.000697,0.000536,-0.002326
40:00.0,0.000645,0.0005,-0.00235
41:00.0,0.000592,0.000464,-0.002372
42:00.0,0.000538,0.000429,-0.002393
43:00.0,0.000484,0.000393,-0.002411
44:00.0,0.000429,0.000358,-0.002428
45:00.0,0.000373,0.000323,-0.002443
46:00.0,0.000316,0.000288,-0.002456
47:00.0,0.000259,0.000253,-0.002467
48:00.0,0.000202,0.000219,-0.002476
49:00.0,0.000144,0.000185,-0.002483
50:00.0,0.000086,0.000152,-0.002489
51:00.0,0.000027,0.000118,-0.002492
52:00.0,-0.000032,0.000086,-0.002493
53:00.0,-0.000091,0.000053,-0.002493
54:00.0,-0.000151,0.000022,-0.00249
55:00.0,-0.00021,-0.00001,-0.002486
56:00.0,-0.00027,-0.00004,-0.00248
57:00.0,-0.00033,-0.000071,-0.002471
58:00.0,-0.00039,-0.0001,-0.002461
59:00.0,-0.00045,-0.000129,-0.002449
00:00.0,-0.000509,-0.000158,-0.002435
01:00.0,-0.000569,-0.000186,-0.002419
02:00.0,-0.000628,-0.000213,-0.002401
03:00.0,-0.000688,-0.000239,-0.002382
04:00.0,-0.000747,-0.000265,-0.00236
05:00.0,-0.000805,-0.00029,-0.002337
06:00.0,-0.000863,-0.000314,-0.002311
07:00.0,-0.000921,-0.000338,-0.002284
08:00.0,-0.000978,-0.000361,-0.002256
09:00.0,-0.001035,-0.000383,-0.002225
10:00.0,-0.001091,-0.000404,-0.002193
11:00.0,-0.001146,-0.000425,-0.002159
12:00.0,-0.001201,-0.000444,-0.002123
13:00.0,-0.001255,-0.000463,-0.002086
14:00.0,-0.001308,-0.000481,-0.002047
15:00.0,-0.001361,-0.000498,-0.002006
16:00.0,-0.001412,-0.000515,-0.001964
17:00.0,-0.001463,-0.00053,-0.001921
18:00.0,-0.001512,-0.000545,-0.001875
19:00.0,-0.001561,-0.000559,-0.001829
20:00.0,-0.001608,-0.000572,-0.001781
21:00.0,-0.001655,-0.000584,-0.001731
22:00.0,-0.0017,-0.000595,-0.00168
23:00.0,-0.001744,-0.000606,-0.001628
24:00.0,-0.001787,-0.000616,-0.001575
25:00.0,-0.001828,-0.000624,-0.00152
26:00.0,-0.001869,-0.000632,-0.001464
27:00.0,-0.001907,-0.00064,-0.001407
28:00.0,-0.001945,-0.000646,-0.001349
29:00.0,-0.001981,-0.000652,-0.00129
30:00.0,-0.002015,-0.000656,-0.00123
31:00.0,-0.002048,-0.00066,-0.001169
32:00.0,-0.00208,-0.000663,-0.001107
33:00.0,-0.00211,-0.000666,-0.001044
34:00.0,-0.002138,-0.000667,-0.00098
35:00.0,-0.002165,-0.000668,-0.000916
36:00.0,-0.00219,-0.000668,-0.00085
37:00.0,-0.002213,-0.000668,-0.000785
38:00.0,-0.002235,-0.000666,-0.000718
39:00.0,-0.002255,-0.000665,-0.000651
40:00.0,-0.002273,-0.000662,-0.000583
41:00.0,-0.00229,-0.000659,-0.000515
42:00.0,-0.002305,-0.000655,-0.000447
43:00.0,-0.002317,-0.00065,-0.000378
44:00.0,-0.002329,-0.000645,-0.000309
45:00.0,-0.002338,-0.000639,-0.00024
46:00.0,-0.002345,-0.000633,-0.000171
47:00.0,-0.002351,-0.000626,-0.000101
48:00.0,-0.002354,-0.000618,-0.000031
49:00.0,-0.002356,-0.000611,0.000038
50:00.0,-0.002356,-0.000602,0.000108
51:00.0,-0.002354,-0.000593,0.000177
52:00.0,-0.002351,-0.000584,0.000247
53:00.0,-0.002345,-0.000574,0.000316
54:00.0,-0.002337,-0.000564,0.000385
55:00.0,-0.002328,-0.000554,0.000453
56:00.0,-0.002317,-0.000543,0.000522
57:00.0,-0.002304,-0.000532,0.000589
58:00.0,-0.002289,-0.000521,0.000657
59:00.0,-0.002272,-0.000509,0.000724
00:00.0,-0.002253,-0.000498,0.00079
01:00.0,-0.002233,-0.000486,0.000855
02:00.0,-0.002211,-0.000473,0.00092
03:00.0,-0.002187,-0.000461,0.000985
04:00.0,-0.002161,-0.000448,0.001048
05:00.0,-0.002133,-0.000436,0.001111
06:00.0,-0.002104,-0.000423,0.001172
07:00.0,-0.002073,-0.00041,0.001233
08:00.0,-0.002041,-0.000398,0.001293
09:00.0,-0.002006,-0.000385,0.001352
10:00.0,-0.00197,-0.000372,0.001409
11:00.0,-0.001933,-0.000359,0.001466
12:00.0,-0.001894,-0.000347,0.001521
13:00.0,-0.001853,-0.000334,0.001576
14:00.0,-0.001811,-0.000321,0.001629
15:00.0,-0.001767,-0.000309,0.00168
16:00.0,-0.001722,-0.000297,0.001731
17:00.0,-0.001676,-0.000285,0.00178
18:00.0,-0.001628,-0.000273,0.001828
19:00.0,-0.001579,-0.000261,0.001874
20:00.0,-0.001529,-0.00025,0.001919
21:00.0,-0.001477,-0.000239,0.001962
22:00.0,-0.001424,-0.000228,0.002004
23:00.0,-0.00137,-0.000217,0.002044
24:00.0,-0.001315,-0.000207,0.002082
25:00.0,-0.001259,-0.000197,0.002119
26:00.0,-0.001202,-0.000188,0.002155
27:00.0,-0.001144,-0.000178,0.002188
28:00.0,-0.001085,-0.00017,0.00222
29:00.0,-0.001025,-0.000161,0.002251
30:00.0,-0.000964,-0.000153,0.002279
31:00.0,-0.000902,-0.000146,0.002306
32:00.0,-0.00084,-0.000138,0.002331
33:00.0,-0.000777,-0.000132,0.002354
34:00.0,-0.000713,-0.000125,0.002375
35:00.0,-0.000649,-0.00012,0.002395
36:00.0,-0.000584,-0.000114,0.002412
37:00.0,-0.000519,-0.000109,0.002428
38:00.0,-0.000454,-0.000105,0.002442
39:00.0,-0.000388,-0.000101,0.002454
40:00.0,-0.000321,-0.000098,0.002464
41:00.0,-0.000255,-0.000095,0.002472
42:00.0,-0.000188,-0.000093,0.002478
43:00.0,-0.000121,-0.000091,0.002483
44:00.0,-0.000054,-0.00009,0.002485
45:00.0,0.000013,-0.000089,0.002486
46:00.0,0.00008,-0.000089,0.002484
47:00.0,0.000147,-0.000089,0.002481
48:00.0,0.000214,-0.00009,0.002476
49:00.0,0.000281,-0.000091,0.002469
50:00.0,0.000347,-0.000093,0.00246
51:00.0,0.000413,-0.000096,0.002449
52:00.0,0.000479,-0.000098,0.002436
53:00.0,0.000545,-0.000102,0.002421
54:00.0,0.00061,-0.000106,0.002405
55:00.0,0.000674,-0.00011,0.002387
56:00.0,0.000738,-0.000115,0.002366
57:00.0,0.000802,-0.00012,0.002344
58:00.0,0.000864,-0.000126,0.00232
59:00.0,0.000926,-0.000132,0.002295
00:00.0,0.000988,-0.000139,0.002267
01:00.0,0.001048,-0.000146,0.002238
02:00.0,0.001108,-0.000154,0.002207
03:00.0,0.001167,-0.000162,0.002175
04:00.0,0.001224,-0.00017,0.00214
05:00.0,0.001281,-0.000179,0.002104
06:00.0,0.001337,-0.000188,0.002067
07:00.0,0.001392,-0.000197,0.002028
08:00.0,0.001445,-0.000207,0.001987
09:00.0,0.001498,-0.000217,0.001945
10:00.0,0.001549,-0.000227,0.001901
11:00.0,0.001599,-0.000238,0.001856
12:00.0,0.001647,-0.000249,0.001809
13:00.0,0.001695,-0.00026,0.001761
14:00.0,0.001741,-0.000271,0.001711
15:00.0,0.001785,-0.000283,0.001661
16:00.0,0.001828,-0.000295,0.001608
17:00.0,0.00187,-0.000306,0.001555
18:00.0,0.00191,-0.000318,0.001501
19:00.0,0.001948,-0.00033,0.001445
20:00.0,0.001985,-0.000343,0.001388
21:00.0,0.002021,-0.000355,0.00133
22:00.0,0.002055,-0.000367,0.001271
23:00.0,0.002087,-0.000379,0.001211
24:00.0,0.002117,-0.000391,0.00115
25:00.0,0.002146,-0.000404,0.001088
26:00.0,0.002173,-0.000416,0.001026
27:00.0,0.002198,-0.000428,0.000962
28:00.0,0.002222,-0.00044,0.000898
29:00.0,0.002243,-0.000452,0.000833
30:00.0,0.002263,-0.000463,0.000767
31:00.0,0.002281,-0.000475,0.000701
32:00.0,0.002298,-0.000486,0.000635
33:00.0,0.002312,-0.000497,0.000567
34:00.0,0.002325,-0.000508,0.0005
35:00.0,0.002336,-0.000518,0.000431
36:00.0,0.002344,-0.000528,0.000363
37:00.0,0.002351,-0.000538,0.000294
38:00.0,0.002357,-0.000548,0.000225
39:00.0,0.00236,-0.000557,0.000156
40:00.0,0.002361,-0.000565,0.000087
41:00.0,0.002361,-0.000574,0.000017
42:00.0,0.002359,-0.000581,-0.000052
43:00.0,0.002355,-0.000589,-0.000121
44:00.0,0.002349,-0.000596,-0.000191
45:00.0,0.002341,-0.000602,-0.00026
46:00.0,0.002331,-0.000608,-0.000329
47:00.0,0.00232,-0.000613,-0.000397
48:00.0,0.002306,-0.000618,-0.000466
49:00.0,0.002291,-0.000622,-0.000534
50:00.0,0.002274,-0.000625,-0.000601
51:00.0,0.002256,-0.000628,-0.000668
52:00.0,0.002236,-0.00063,-0.000735
53:00.0,0.002213,-0.000632,-0.000801
54:00.0,0.00219,-0.000632,-0.000867
55:00.0,0.002164,-0.000633,-0.000931
56:00.0,0.002137,-0.000632,-0.000996
57:00.0,0.002109,-0.000631,-0.001059
58:00.0,0.002078,-0.000629,-0.001121
59:00.0,0.002047,-0.000626,-0.001183
00:00.0,0.002013,-0.000622,-0.001244
01:00.0,0.001978,-0.000618,-0.001303
02:00.0,0.001942,-0.000613,-0.001362
03:00.0,0.001904,-0.000607,-0.00142
04:00.0,0.001865,-0.0006,-0.001476
05:00.0,0.001825,-0.000593,-0.001532
06:00.0,0.001783,-0.000585,-0.001586
07:00.0,0.00174,-0.000575,-0.001639
08:00.0,0.001696,-0.000566,-0.001691
09:00.0,0.00165,-0.000555,-0.001741
10:00.0,0.001603,-0.000543,-0.00179
11:00.0,0.001556,-0.000531,-0.001838
12:00.0,0.001507,-0.000518,-0.001884
13:00.0,0.001457,-0.000503,-0.001929
14:00.0,0.001406,-0.000489,-0.001972
15:00.0,0.001354,-0.000473,-0.002014
16:00.0,0.001302,-0.000456,-0.002054
17:00.0,0.001248,-0.000439,-0.002093
18:00.0,0.001194,-0.000421,-0.00213
19:00.0,0.001139,-0.000402,-0.002165
20:00.0,0.001083,-0.000382,-0.002199
21:00.0,0.001026,-0.000362,-0.002231
22:00.0,0.000969,-0.00034,-0.002261
23:00.0,0.000912,-0.000318,-0.002289
24:00.0,0.000854,-0.000295,-0.002316
25:00.0,0.000795,-0.000272,-0.002341
26:00.0,0.000736,-0.000248,-0.002364
27:00.0,0.000677,-0.000223,-0.002385
28:00.0,0.000618,-0.000197,-0.002404
29:00.0,0.000558,-0.000171,-0.002422
30:00.0,0.000498,-0.000144,-0.002437
31:00.0,0.000438,-0.000116,-0.002451
32:00.0,0.000378,-0.000088,-0.002463
33:00.0,0.000317,-0.000059,-0.002473
34:00.0,0.000257,-0.00003,-0.002481
35:00.0,0.000197,0,-0.002487
36:00.0,0.000137,0.000031,-0.002491
37:00.0,0.000077,0.000062,-0.002493
38:00.0,0.000017,0.000093,-0.002493
39:00.0,-0.000042,0.000125,-0.002491
40:00.0,-0.000101,0.000158,-0.002488
41:00.0,-0.00016,0.00019,-0.002482
42:00.0,-0.000218,0.000224,-0.002475
43:00.0,-0.000276,0.000257,-0.002465
44:00.0,-0.000334,0.000291,-0.002454
45:00.0,-0.000391,0.000325,-0.002441
46:00.0,-0.000447,0.000359,-0.002425
47:00.0,-0.000503,0.000394,-0.002408
48:00.0,-0.000558,0.000429,-0.002389
49:00.0,-0.000612,0.000463,-0.002369
50:00.0,-0.000665,0.000498,-0.002346
51:00.0,-0.000718,0.000534,-0.002321
52:00.0,-0.00077,0.000569,-0.002295
53:00.0,-0.000821,0.000604,-0.002267
54:00.0,-0.000871,0.000639,-0.002237
55:00.0,-0.00092,0.000674,-0.002206
56:00.0,-0.000968,0.000709,-0.002172
57:00.0,-0.001015,0.000744,-0.002137
58:00.0,-0.001061,0.000779,-0.0021
59:00.0,-0.001106,0.000813,-0.002062
00:00.0,-0.001149,0.000848,-0.002022
01:00.0,-0.001192,0.000882,-0.001981
02:00.0,-0.001233,0.000915,-0.001938
03:00.0,-0.001273,0.000949,-0.001893
04:00.0,-0.001312,0.000982,-0.001847
05:00.0,-0.00135,0.001014,-0.001799
06:00.0,-0.001386,0.001047,-0.00175
07:00.0,-0.001421,0.001078,-0.0017
08:00.0,-0.001454,0.001109,-0.001648
09:00.0,-0.001487,0.00114,-0.001595
10:00.0,-0.001517,0.00117,-0.001541
11:00.0,-0.001547,0.001199,-0.001486
12:00.0,-0.001575,0.001228,-0.001429
13:00.0,-0.001601,0.001256,-0.001372
14:00.0,-0.001626,0.001283,-0.001313
15:00.0,-0.00165,0.00131,-0.001253
16:00.0,-0.001672,0.001336,-0.001192
17:00.0,-0.001692,0.001361,-0.001131
18:00.0,-0.001711,0.001385,-0.001068
19:00.0,-0.001729,0.001408,-0.001005
20:00.0,-0.001745,0.00143,-0.000941
21:00.0,-0.00176,0.001451,-0.000876
22:00.0,-0.001773,0.001471,-0.00081
23:00.0,-0.001784,0.001491,-0.000744
24:00.0,-0.001794,0.001509,-0.000677
25:00.0,-0.001802,0.001526,-0.00061
26:00.0,-0.001809,0.001542,-0.000542
27:00.0,-0.001815,0.001557,-0.000474
28:00.0,-0.001819,0.00157,-0.000405
29:00.0,-0.001821,0.001583,-0.000336
30:00.0,-0.001822,0.001594,-0.000267
31:00.0,-0.001821,0.001605,-0.000197
32:00.0,-0.001819,0.001613,-0.000128
33:00.0,-0.001815,0.001621,-0.000058
34:00.0,-0.00181,0.001628,0.000011
35:00.0,-0.001804,0.001633,0.000081
36:00.0,-0.001796,0.001636,0.000151
37:00.0,-0.001787,0.001639,0.00022
38:00.0,-0.001776,0.00164,0.000289
39:00.0,-0.001764,0.00164,0.000358
40:00.0,-0.001751,0.001638,0.000427
41:00.0,-0.001736,0.001635,0.000495
42:00.0,-0.00172,0.001631,0.000563
43:00.0,-0.001703,0.001625,0.000631
44:00.0,-0.001685,0.001618,0.000698
45:00.0,-0.001665,0.00161,0.000764
46:00.0,-0.001644,0.0016,0.00083
47:00.0,-0.001622,0.001588,0.000895
48:00.0,-0.001599,0.001576,0.00096
49:00.0,-0.001575,0.001562,0.001024
50:00.0,-0.001549,0.001546,0.001087
51:00.0,-0.001523,0.001529,0.001149
52:00.0,-0.001496,0.001511,0.00121
53:00.0,-0.001468,0.001491,0.00127
54:00.0,-0.001438,0.00147,0.001329
55:00.0,-0.001408,0.001448,0.001387
56:00.0,-0.001377,0.001424,0.001444
57:00.0,-0.001345,0.001399,0.0015
58:00.0,-0.001313,0.001373,0.001555
59:00.0,-0.001279,0.001345,0.001608
00:00.0,-0.001245,0.001316,0.001661
01:00.0,-0.001211,0.001286,0.001712
02:00.0,-0.001175,0.001254,0.001761
03:00.0,-0.001139,0.001221,0.001809
04:00.0,-0.001103,0.001187,0.001856
05:00.0,-0.001065,0.001152,0.001902
06:00.0,-0.001028,0.001115,0.001945
07:00.0,-0.00099,0.001078,0.001988
08:00.0,-0.000951,0.001039,0.002029
09:00.0,-0.000913,0.000999,0.002068
10:00.0,-0.000874,0.000958,0.002105
11:00.0,-0.000834,0.000916,0.002141
12:00.0,-0.000795,0.000873,0.002176
13:00.0,-0.000755,0.000829,0.002208
14:00.0,-0.000715,0.000784,0.002239
15:00.0,-0.000674,0.000738,0.002268
16:00.0,-0.000634,0.000691,0.002296
17:00.0,-0.000594,0.000643,0.002321
18:00.0,-0.000554,0.000595,0.002345
19:00.0,-0.000513,0.000545,0.002367
20:00.0,-0.000473,0.000495,0.002387
21:00.0,-0.000433,0.000444,0.002406
22:00.0,-0.000393,0.000393,0.002422
23:00.0,-0.000353,0.000341,0.002437
24:00.0,-0.000313,0.000288,0.002449
25:00.0,-0.000274,0.000235,0.00246
26:00.0,-0.000235,0.000181,0.002469
27:00.0,-0.000196,0.000127,0.002476
28:00.0,-0.000157,0.000072,0.002481
29:00.0,-0.000119,0.000017,0.002485
30:00.0,-0.000081,-0.000039,0.002486
31:00.0,-0.000044,-0.000094,0.002485
32:00.0,-0.000007,-0.00015,0.002483
33:00.0,0.000029,-0.000207,0.002478
34:00.0,0.000065,-0.000263,0.002472
35:00.0,0.0001,-0.000319,0.002464
36:00.0,0.000135,-0.000376,0.002453
37:00.0,0.000169,-0.000432,0.002441
38:00.0,0.000203,-0.000489,0.002427
39:00.0,0.000235,-0.000545,0.002411
40:00.0,0.000268,-0.000602,0.002394
41:00.0,0.000299,-0.000658,0.002374
42:00.0,0.00033,-0.000714,0.002353
43:00.0,0.00036,-0.000769,0.00233
44:00.0,0.000389,-0.000825,0.002305
45:00.0,0.000418,-0.00088,0.002278
46:00.0,0.000445,-0.000934,0.00225
47:00.0,0.000472,-0.000988,0.002219
48:00.0,0.000498,-0.001042,0.002187
49:00.0,0.000523,-0.001095,0.002154
50:00.0,0.000548,-0.001147,0.002118
51:00.0,0.000571,-0.001199,0.002081
52:00.0,0.000594,-0.00125,0.002043
53:00.0,0.000616,-0.001301,0.002003
54:00.0,0.000636,-0.00135,0.001961
55:00.0,0.000656,-0.001399,0.001918
56:00.0,0.000675,-0.001447,0.001873
57:00.0,0.000694,-0.001494,0.001827
58:00.0,0.000711,-0.00154,0.001779
59:00.0,0.000727,-0.001585,0.001731
00:00.0,0.000742,-0.001629,0.00168
01:00.0,0.000757,-0.001672,0.001629
02:00.0,0.00077,-0.001713,0.001576
03:00.0,0.000782,-0.001754,0.001522
04:00.0,0.000794,-0.001793,0.001466
05:00.0,0.000805,-0.001831,0.00141
06:00.0,0.000814,-0.001868,0.001352
07:00.0,0.000823,-0.001903,0.001294
08:00.0,0.000831,-0.001937,0.001234
09:00.0,0.000838,-0.00197,0.001174
10:00.0,0.000844,-0.002001,0.001112
11:00.0,0.000849,-0.002031,0.00105
12:00.0,0.000853,-0.002059,0.000987
13:00.0,0.000856,-0.002086,0.000923
14:00.0,0.000859,-0.002111,0.000858
15:00.0,0.000861,-0.002135,0.000793
16:00.0,0.000861,-0.002157,0.000727
17:00.0,0.000861,-0.002178,0.00066
18:00.0,0.00086,-0.002196,0.000593
19:00.0,0.000859,-0.002213,0.000526
20:00.0,0.000856,-0.002229,0.000458
21:00.0,0.000853,-0.002243,0.000389
22:00.0,0.000849,-0.002254,0.000321
23:00.0,0.000844,-0.002265,0.000252
24:00.0,0.000839,-0.002273,0.000183
25:00.0,0.000832,-0.00228,0.000114
26:00.0,0.000825,-0.002285,0.000044
27:00.0,0.000818,-0.002288,-0.000025
28:00.0,0.00081,-0.002289,-0.000095
29:00.0,0.000801,-0.002289,-0.000164
30:00.0,0.000792,-0.002286,-0.000233
31:00.0,0.000782,-0.002282,-0.000302
32:00.0,0.000771,-0.002276,-0.000371
33:00.0,0.00076,-0.002268,-0.000439
34:00.0,0.000749,-0.002259,-0.000508
35:00.0,0.000737,-0.002247,-0.000575
36:00.0,0.000724,-0.002234,-0.000643
37:00.0,0.000711,-0.002219,-0.00071
38:00.0,0.000698,-0.002202,-0.000776
39:00.0,0.000684,-0.002183,-0.000842
40:00.0,0.00067,-0.002163,-0.000907
41:00.0,0.000656,-0.002141,-0.000971
42:00.0,0.000642,-0.002117,-0.001035
43:00.0,0.000627,-0.002091,-0.001097
44:00.0,0.000612,-0.002064,-0.001159
45:00.0,0.000596,-0.002035,-0.00122
46:00.0,0.000581,-0.002004,-0.001281
47:00.0,0.000565,-0.001971,-0.00134
48:00.0,0.000549,-0.001937,-0.001398
49:00.0,0.000533,-0.001901,-0.001455
50:00.0,0.000517,-0.001864,-0.001511
51:00.0,0.000501,-0.001825,-0.001565
52:00.0,0.000485,-0.001785,-0.001619
53:00.0,0.000469,-0.001743,-0.001671
54:00.0,0.000453,-0.0017,-0.001722
55:00.0,0.000437,-0.001655,-0.001772
56:00.0,0.000421,-0.001609,-0.00182
57:00.0,0.000405,-0.001561,-0.001867
58:00.0,0.000389,-0.001512,-0.001912
59:00.0,0.000373,-0.001462,-0.001956
00:00.0,0.000358,-0.001411,-0.001998
01:00.0,0.000342,-0.001358,-0.002039
02:00.0,0.000327,-0.001304,-0.002078
03:00.0,0.000312,-0.001249,-0.002116
04:00.0,0.000298,-0.001193,-0.002152
05:00.0,0.000283,-0.001136,-0.002186
06:00.0,0.000269,-0.001078,-0.002219
07:00.0,0.000256,-0.001019,-0.002249
08:00.0,0.000242,-0.00096,-0.002278
09:00.0,0.000229,-0.000899,-0.002306
10:00.0,0.000216,-0.000837,-0.002331
11:00.0,0.000204,-0.000775,-0.002355
12:00.0,0.000192,-0.000712,-0.002377
13:00.0,0.00018,-0.000649,-0.002397
14:00.0,0.000169,-0.000584,-0.002415
15:00.0,0.000159,-0.00052,-0.002432
16:00.0,0.000148,-0.000455,-0.002446
17:00.0,0.000138,-0.000389,-0.002459
18:00.0,0.000129,-0.000323,-0.002469
19:00.0,0.00012,-0.000256,-0.002478
20:00.0,0.000112,-0.00019,-0.002485
21:00.0,0.000104,-0.000123,-0.002489
22:00.0,0.000097,-0.000056,-0.002492
23:00.0,0.00009,0.000011,-0.002493
24:00.0,0.000084,0.000078,-0.002492
25:00.0,0.000078,0.000146,-0.002489
26:00.0,0.000073,0.000213,-0.002485
27:00.0,0.000068,0.00028,-0.002478
28:00.0,0.000064,0.000347,-0.002469
29:00.0,0.00006,0.000413,-0.002458
30:00.0,0.000057,0.00048,-0.002446
31:00.0,0.000054,0.000546,-0.002431
32:00.0,0.000052,0.000611,-0.002415
33:00.0,0.000051,0.000676,-0.002397
34:00.0,0.00005,0.000741,-0.002377
35:00.0,0.000049,0.000805,-0.002355
36:00.0,0.000049,0.000869,-0.002331
37:00.0,0.00005,0.000932,-0.002305
38:00.0,0.000051,0.000994,-0.002278
39:00.0,0.000053,0.001055,-0.002249
40:00.0,0.000055,0.001116,-0.002218
41:00.0,0.000057,0.001176,-0.002185
42:00.0,0.00006,0.001234,-0.002151
43:00.0,0.000064,0.001292,-0.002115
44:00.0,0.000068,0.001349,-0.002077
45:00.0,0.000072,0.001405,-0.002038
46:00.0,0.000077,0.00146,-0.001997
47:00.0,0.000082,0.001513,-0.001954
48:00.0,0.000088,0.001565,-0.00191
49:00.0,0.000094,0.001617,-0.001865
50:00.0,0.0001,0.001666,-0.001818
51:00.0,0.000107,0.001715,-0.001769
52:00.0,0.000114,0.001762,-0.00172
53:00.0,0.000121,0.001808,-0.001668
54:00.0,0.000129,0.001852,-0.001616
55:00.0,0.000137,0.001895,-0.001562
56:00.0,0.000145,0.001936,-0.001507
57:00.0,0.000154,0.001976,-0.001451
58:00.0,0.000162,0.002014,-0.001394
59:00.0,0.000171,0.002051,-0.001336
00:00.0,0.00018,0.002086,-0.001276
01:00.0,0.00019,0.002119,-0.001216
02:00.0,0.000199,0.00215,-0.001155
03:00.0,0.000208,0.00218,-0.001092
04:00.0,0.000218,0.002208,-0.001029
05:00.0,0.000228,0.002234,-0.000965
06:00.0,0.000237,0.002259,-0.000901
07:00.0,0.000247,0.002282,-0.000835
08:00.0,0.000257,0.002303,-0.000769
09:00.0,0.000266,0.002322,-0.000703
10:00.0,0.000276,0.002339,-0.000636
11:00.0,0.000286,0.002354,-0.000568
12:00.0,0.000295,0.002367,-0.0005
13:00.0,0.000305,0.002379,-0.000431
14:00.0,0.000314,0.002389,-0.000363
15:00.0,0.000323,0.002396,-0.000293
16:00.0,0.000332,0.002402,-0.000224
17:00.0,0.00034,0.002406,-0.000155
18:00.0,0.000349,0.002408,-0.000085
19:00.0,0.000357,0.002408,-0.000015
20:00.0,0.000365,0.002406,0.000054
21:00.0,0.000373,0.002403,0.000124
22:00.0,0.00038,0.002397,0.000193
23:00.0,0.000387,0.002389,0.000263
24:00.0,0.000393,0.00238,0.000332
25:00.0,0.0004,0.002369,0.000401
26:00.0,0.000405,0.002356,0.000469
27:00.0,0.000411,0.002341,0.000537
28:00.0,0.000416,0.002324,0.000605
29:00.0,0.00042,0.002305,0.000672
30:00.0,0.000424,0.002285,0.000739
31:00.0,0.000428,0.002263,0.000805
32:00.0,0.00043,0.002239,0.00087
33:00.0,0.000433,0.002213,0.000935
34:00.0,0.000435,0.002186,0.000999
35:00.0,0.000436,0.002157,0.001062
36:00.0,0.000437,0.002126,0.001125
37:00.0,0.000437,0.002094,0.001186
38:00.0,0.000436,0.00206,0.001247
39:00.0,0.000435,0.002025,0.001306
40:00.0,0.000433,0.001988,0.001365
41:00.0,0.000431,0.001949,0.001422
42:00.0,0.000427,0.001909,0.001479
43:00.0,0.000424,0.001868,0.001534
44:00.0,0.000419,0.001826,0.001588
45:00.0,0.000414,0.001782,0.001641
46:00.0,0.000408,0.001736,0.001692
47:00.0,0.000401,0.00169,0.001742
48:00.0,0.000394,0.001642,0.001791
49:00.0,0.000386,0.001593,0.001838
50:00.0,0.000377,0.001543,0.001884
51:00.0,0.000368,0.001492,0.001929
52:00.0,0.000358,0.00144,0.001972
53:00.0,0.000347,0.001387,0.002013
54:00.0,0.000335,0.001333,0.002053
55:00.0,0.000323,0.001278,0.002091
56:00.0,0.00031,0.001223,0.002128
57:00.0,0.000296,0.001166,0.002163
58:00.0,0.000281,0.001109,0.002196
59:00.0,0.000266,0.001051,0.002227
00:00.0,0.00025,0.000992,0.002257
01:00.0,0.000234,0.000933,0.002285
02:00.0,0.000216,0.000873,0.002312
03:00.0,0.000198,0.000813,0.002336
04:00.0,0.000179,0.000752,0.002359
05:00.0,0.00016,0.000691,0.00238
06:00.0,0.00014,0.00063,0.002399
07:00.0,0.000119,0.000568,0.002416
08:00.0,0.000098,0.000506,0.002431
09:00.0,0.000076,0.000444,0.002445
10:00.0,0.000054,0.000382,0.002456
11:00.0,0.000031,0.00032,0.002466
12:00.0,0.000007,0.000257,0.002474
13:00.0,-0.000017,0.000195,0.00248
14:00.0,-0.000042,0.000133,0.002484
15:00.0,-0.000067,0.000071,0.002486
16:00.0,-0.000093,0.000009,0.002486
17:00.0,-0.000119,-0.000053,0.002484
18:00.0,-0.000146,-0.000114,0.00248
19:00.0,-0.000173,-0.000176,0.002474
20:00.0,-0.000201,-0.000236,0.002467
21:00.0,-0.000228,-0.000297,0.002457
22:00.0,-0.000257,-0.000356,0.002446
23:00.0,-0.000285,-0.000416,0.002433
24:00.0,-0.000314,-0.000474,0.002418
25:00.0,-0.000343,-0.000533,0.002401
26:00.0,-0.000373,-0.00059,0.002382
27:00.0,-0.000402,-0.000647,0.002361
28:00.0,-0.000432,-0.000703,0.002339
29:00.0,-0.000462,-0.000758,0.002315
30:00.0,-0.000492,-0.000813,0.002289
31:00.0,-0.000522,-0.000866,0.002261
32:00.0,-0.000553,-0.000919,0.002231
33:00.0,-0.000583,-0.00097,0.0022
34:00.0,-0.000614,-0.001021,0.002167
35:00.0,-0.000644,-0.001071,0.002132
36:00.0,-0.000674,-0.001119,0.002096
37:00.0,-0.000704,-0.001167,0.002058
38:00.0,-0.000734,-0.001213,0.002018
39:00.0,-0.000764,-0.001258,0.001977
40:00.0,-0.000794,-0.001302,0.001935
41:00.0,-0.000824,-0.001345,0.001891
42:00.0,-0.000853,-0.001386,0.001845
43:00.0,-0.000882,-0.001427,0.001798
44:00.0,-0.000911,-0.001465,0.00175
45:00.0,-0.000939,-0.001503,0.0017
46:00.0,-0.000967,-0.001539,0.001649
47:00.0,-0.000995,-0.001574,0.001596
48:00.0,-0.001022,-0.001607,0.001543
49:00.0,-0.001048,-0.001639,0.001488
50:00.0,-0.001075,-0.001669,0.001432
51:00.0,-0.0011,-0.001698,0.001375
52:00.0,-0.001125,-0.001726,0.001317
53:00.0,-0.001149,-0.001752,0.001257
54:00.0,-0.001173,-0.001776,0.001197
55:00.0,-0.001196,-0.001799,0.001136
56:00.0,-0.001218,-0.00182,0.001074
57:00.0,-0.00124,-0.00184,0.001011
58:00.0,-0.001261,-0.001858,0.000948
59:00.0,-0.001281,-0.001874,0.000883
