00:00.0,-0.002232,-0.000881,0.007218
01:00.0,-0.002258,-0.00042,0.007252
02:00.0,-0.002272,0.000043,0.00726
03:00.0,-0.002274,0.000506,0.007242
04:00.0,-0.002264,0.000967,0.007198
05:00.0,-0.002242,0.001424,0.007128
06:00.0,-0.002208,0.001877,0.007033
07:00.0,-0.002162,0.002322,0.006913
08:00.0,-0.002104,0.002759,0.006769
09:00.0,-0.002035,0.003186,0.0066
10:00.0,-0.001955,0.003602,0.006407
11:00.0,-0.001865,0.004004,0.006191
12:00.0,-0.001765,0.004391,0.005953
13:00.0,-0.001654,0.004762,0.005694
14:00.0,-0.001535,0.005115,0.005413
15:00.0,-0.001407,0.00545,0.005113
16:00.0,-0.001271,0.005763,0.004794
17:00.0,-0.001128,0.006055,0.004458
18:00.0,-0.000978,0.006325,0.004105
19:00.0,-0.000823,0.00657,0.003737
20:00.0,-0.000662,0.006791,0.003355
21:00.0,-0.000497,0.006986,0.002961
22:00.0,-0.000329,0.007154,0.002555
23:00.0,-0.000158,0.007295,0.00214
24:00.0,0.000015,0.007408,0.001717
25:00.0,0.000189,0.007493,0.001287
26:00.0,0.000362,0.007549,0.000853
27:00.0,0.000535,0.007576,0.000414
28:00.0,0.000706,0.007574,-0.000025
29:00.0,0.000874,0.007543,-0.000465
30:00.0,0.001039,0.007484,-0.000903
31:00.0,0.001199,0.007395,-0.001338
32:00.0,0.001354,0.007278,-0.001768
33:00.0,0.001503,0.007134,-0.002192
34:00.0,0.001645,0.006962,-0.002608
35:00.0,0.00178,0.006764,-0.003014
36:00.0,0.001906,0.00654,-0.003409
37:00.0,0.002023,0.006291,-0.003792
38:00.0,0.002131,0.006019,-0.00416
39:00.0,0.002229,0.005723,-0.004513
40:00.0,0.002315,0.005407,-0.00485
41:00.0,0.002391,0.00507,-0.005169
42:00.0,0.002455,0.004715,-0.005469
43:00.0,0.002507,0.004342,-0.005749
44:00.0,0.002546,0.003953,-0.006008
45:00.0,0.002573,0.00355,-0.006246
46:00.0,0.002587,0.003134,-0.00646
47:00.0,0.002588,0.002707,-0.006651
48:00.0,0.002576,0.00227,-0.006818
49:00.0,0.002551,0.001826,-0.006961
50:00.0,0.002512,0.001375,-0.007078
51:00.0,0.002461,0.00092,-0.00717
52:00.0,0.002397,0.000462,-0.007236
53:00.0,0.002321,0.000004,-0.007276
54:00.0,0.002232,-0.000454,-0.007289
55:00.0,0.002131,-0.00091,-0.007277
56:00.0,0.002019,-0.001361,-0.007238
57:00.0,0.001895,-0.001807,-0.007173
58:00.0,0.001761,-0.002245,-0.007082
59:00.0,0.001616,-0.002674,-0.006966
00:00.0,0.001462,-0.003092,-0.006825
01:00.0,0.0013,-0.003497,-0.006659
02:00.0,0.001129,-0.003889,-0.006468
03:00.0,0.00095,-0.004265,-0.006255
04:00.0,0.000765,-0.004625,-0.006019
05:00.0,0.000574,-0.004966,-0.00576
06:00.0,0.000378,-0.005288,-0.005481
07:00.0,0.000178,-0.005589,-0.005182
08:00.0,-0.000026,-0.005869,-0.004864
09:00.0,-0.000232,-0.006125,-0.004528
10:00.0,-0.000439,-0.006358,-0.004176
11:00.0,-0.000646,-0.006566,-0.003808
12:00.0,-0.000853,-0.006748,-0.003426
13:00.0,-0.001058,-0.006904,-0.003032
14:00.0,-0.001261,-0.007033,-0.002626
15:00.0,-0.00146,-0.007135,-0.002211
16:00.0,-0.001654,-0.007209,-0.001788
17:00.0,-0.001843,-0.007256,-0.001358
18:00.0,-0.002026,-0.007274,-0.000924
19:00.0,-0.002201,-0.007265,-0.000486
20:00.0,-0.002368,-0.007227,-0.000046
21:00.0,-0.002526,-0.007162,0.000393
22:00.0,-0.002673,-0.007069,0.000831
23:00.0,-0.002811,-0.00695,0.001266
24:00.0,-0.002937,-0.006804,0.001696
25:00.0,-0.003051,-0.006633,0.002119
26:00.0,-0.003152,-0.006437,0.002535
27:00.0,-0.00324,-0.006217,0.00294
28:00.0,-0.003314,-0.005973,0.003335
29:00.0,-0.003374,-0.005708,0.003718
30:00.0,-0.003419,-0.005422,0.004086
31:00.0,-0.00345,-0.005117,0.00444
32:00.0,-0.003465,-0.004793,0.004777
33:00.0,-0.003465,-0.004452,0.005097
34:00.0,-0.00345,-0.004095,0.005398
35:00.0,-0.003419,-0.003725,0.005679
36:00.0,-0.003373,-0.003341,0.00594
37:00.0,-0.003311,-0.002947,0.006179
38:00.0,-0.003235,-0.002542,0.006396
39:00.0,-0.003143,-0.00213,0.00659
40:00.0,-0.003036,-0.001712,0.00676
41:00.0,-0.002915,-0.001288,0.006906
42:00.0,-0.00278,-0.000861,0.007027
43:00.0,-0.002632,-0.000433,0.007124
44:00.0,-0.00247,-0.000005,0.007195
45:00.0,-0.002296,0.000422,0.00724
46:00.0,-0.00211,0.000846,0.007259
47:00.0,-0.001913,0.001265,0.007253
48:00.0,-0.001706,0.001678,0.007221
49:00.0,-0.001488,0.002083,0.007163
50:00.0,-0.001262,0.002479,0.00708
51:00.0,-0.001028,0.002864,0.006971
52:00.0,-0.000787,0.003237,0.006838
53:00.0,-0.00054,0.003597,0.00668
54:00.0,-0.000287,0.003942,0.006498
55:00.0,-0.000031,0.004271,0.006293
56:00.0,0.000229,0.004583,0.006065
57:00.0,0.000491,0.004876,0.005815
58:00.0,0.000753,0.00515,0.005544
59:00.0,0.001015,0.005404,0.005253
00:00.0,0.001277,0.005636,0.004942
01:00.0,0.001535,0.005846,0.004614
02:00.0,0.00179,0.006032,0.004269
03:00.0,0.00204,0.006195,0.003907
04:00.0,0.002285,0.006334,0.003532
05:00.0,0.002522,0.006448,0.003143
06:00.0,0.002752,0.006536,0.002742
07:00.0,0.002972,0.006599,0.002331
08:00.0,0.003182,0.006637,0.001912
09:00.0,0.00338,0.006648,0.001485
10:00.0,0.003567,0.006634,0.001052
11:00.0,0.00374,0.006594,0.000615
12:00.0,0.0039,0.006529,0.000176
13:00.0,0.004044,0.006438,-0.000264
14:00.0,0.004173,0.006323,-0.000703
15:00.0,0.004286,0.006184,-0.00114
16:00.0,0.004382,0.006021,-0.001572
17:00.0,0.00446,0.005836,-0.001999
18:00.0,0.00452,0.005629,-0.002419
19:00.0,0.004562,0.005401,-0.002829
20:00.0,0.004586,0.005153,-0.00323
21:00.0,0.00459,0.004886,-0.003618
22:00.0,0.004576,0.004602,-0.003993
23:00.0,0.004542,0.004301,-0.004354
24:00.0,0.004489,0.003985,-0.004698
25:00.0,0.004418,0.003655,-0.005025
26:00.0,0.004327,0.003313,-0.005334
27:00.0,0.004218,0.00296,-0.005624
28:00.0,0.00409,0.002598,-0.005892
29:00.0,0.003945,0.002227,-0.00614
30:00.0,0.003782,0.00185,-0.006365
31:00.0,0.003603,0.001468,-0.006567
32:00.0,0.003407,0.001082,-0.006745
33:00.0,0.003196,0.000695,-0.006899
34:00.0,0.00297,0.000306,-0.007028
35:00.0,0.002729,-0.000081,-0.007131
36:00.0,0.002476,-0.000465,-0.007209
37:00.0,0.002211,-0.000846,-0.007261
38:00.0,0.001934,-0.001221,-0.007286
39:00.0,0.001647,-0.001589,-0.007286
40:00.0,0.001352,-0.001949,-0.007259
41:00.0,0.001048,-0.0023,-0.007206
42:00.0,0.000737,-0.002639,-0.007127
43:00.0,0.000421,-0.002967,-0.007022
44:00.0,0.0001,-0.003281,-0.006892
45:00.0,-0.000224,-0.00358,-0.006738
46:00.0,-0.000549,-0.003864,-0.006558
47:00.0,-0.000875,-0.004132,-0.006355
48:00.0,-0.001201,-0.004381,-0.006129
49:00.0,-0.001524,-0.004612,-0.005881
50:00.0,-0.001844,-0.004824,-0.005611
51:00.0,-0.002159,-0.005016,-0.005321
52:00.0,-0.002467,-0.005187,-0.005012
53:00.0,-0.002769,-0.005337,-0.004684
54:00.0,-0.003062,-0.005465,-0.004339
55:00.0,-0.003344,-0.00557,-0.003978
56:00.0,-0.003616,-0.005653,-0.003602
57:00.0,-0.003875,-0.005714,-0.003214
58:00.0,-0.00412,-0.005751,-0.002813
59:00.0,-0.004351,-0.005765,-0.002402
00:00.0,-0.004566,-0.005757,-0.001983
01:00.0,-0.004764,-0.005726,-0.001556
02:00.0,-0.004944,-0.005672,-0.001123
03:00.0,-0.005106,-0.005596,-0.000686
04:00.0,-0.005249,-0.005499,-0.000247
05:00.0,-0.005371,-0.00538,0.000192
06:00.0,-0.005473,-0.005241,0.000631
07:00.0,-0.005553,-0.005082,0.001068
08:00.0,-0.005612,-0.004905,0.0015
09:00.0,-0.005649,-0.004709,0.001926
10:00.0,-0.005664,-0.004495,0.002346
11:00.0,-0.005656,-0.004266,0.002756
12:00.0,-0.005626,-0.004022,0.003156
13:00.0,-0.005573,-0.003763,0.003544
14:00.0,-0.005498,-0.003492,0.003919
15:00.0,-0.005401,-0.003209,0.00428
16:00.0,-0.005283,-0.002916,0.004625
17:00.0,-0.005142,-0.002613,0.004952
18:00.0,-0.004981,-0.002303,0.005262
19:00.0,-0.004799,-0.001986,0.005553
20:00.0,-0.004598,-0.001664,0.005823
21:00.0,-0.004377,-0.001338,0.006072
22:00.0,-0.004139,-0.00101,0.006299
23:00.0,-0.003882,-0.00068,0.006504
24:00.0,-0.00361,-0.000351,0.006685
25:00.0,-0.003322,-0.000023,0.006842
26:00.0,-0.003019,0.000303,0.006975
27:00.0,-0.002703,0.000624,0.007083
28:00.0,-0.002374,0.00094,0.007165
29:00.0,-0.002035,0.00125,0.007222
30:00.0,-0.001685,0.001553,0.007254
31:00.0,-0.001327,0.001847,0.007259
32:00.0,-0.000962,0.002131,0.007239
33:00.0,-0.000591,0.002404,0.007193
34:00.0,-0.000215,0.002666,0.007121
35:00.0,0.000163,0.002915,0.007024
36:00.0,0.000544,0.00315,0.006902
37:00.0,0.000925,0.003371,0.006755
38:00.0,0.001304,0.003577,0.006584
39:00.0,0.001681,0.003767,0.00639
40:00.0,0.002054,0.003941,0.006172
41:00.0,0.002421,0.004097,0.005932
42:00.0,0.002781,0.004236,0.005671
43:00.0,0.003133,0.004356,0.005389
44:00.0,0.003474,0.004458,0.005087
45:00.0,0.003805,0.004541,0.004767
46:00.0,0.004122,0.004605,0.004429
47:00.0,0.004425,0.00465,0.004075
48:00.0,0.004713,0.004676,0.003705
49:00.0,0.004985,0.004683,0.003322
50:00.0,0.005238,0.00467,0.002927
51:00.0,0.005473,0.004638,0.002521
52:00.0,0.005687,0.004588,0.002105
53:00.0,0.00588,0.004519,0.001681
54:00.0,0.006052,0.004432,0.001251
55:00.0,0.006201,0.004328,0.000816
56:00.0,0.006326,0.004207,0.000377
57:00.0,0.006427,0.004069,-0.000063
58:00.0,0.006504,0.003916,-0.000502
59:00.0,0.006555,0.003748,-0.00094
00:00.0,0.006581,0.003566,-0.001375
01:00.0,0.006582,0.003371,-0.001805
02:00.0,0.006557,0.003163,-0.002228
03:00.0,0.006506,0.002945,-0.002643
04:00.0,0.006429,0.002716,-0.003048
05:00.0,0.006327,0.002478,-0.003442
06:00.0,0.006201,0.002233,-0.003823
07:00.0,0.006049,0.00198,-0.004191
08:00.0,0.005873,0.001722,-0.004543
09:00.0,0.005674,0.001459,-0.004878
10:00.0,0.005453,0.001193,-0.005195
11:00.0,0.005209,0.000925,-0.005494
12:00.0,0.004944,0.000655,-0.005772
13:00.0,0.004659,0.000386,-0.006029
14:00.0,0.004356,0.000118,-0.006265
15:00.0,0.004034,-0.000147,-0.006477
16:00.0,0.003696,-0.000409,-0.006666
17:00.0,0.003342,-0.000667,-0.006831
18:00.0,0.002974,-0.000919,-0.006972
19:00.0,0.002593,-0.001164,-0.007087
20:00.0,0.002201,-0.001402,-0.007176
21:00.0,0.0018,-0.001631,-0.00724
22:00.0,0.001389,-0.001851,-0.007278
23:00.0,0.000972,-0.00206,-0.007289
24:00.0,0.00055,-0.002258,-0.007274
25:00.0,0.000124,-0.002445,-0.007233
26:00.0,-0.000304,-0.002619,-0.007166
27:00.0,-0.000732,-0.00278,-0.007073
28:00.0,-0.001159,-0.002927,-0.006955
29:00.0,-0.001584,-0.00306,-0.006811
30:00.0,-0.002004,-0.003179,-0.006643
31:00.0,-0.002418,-0.003282,-0.006451
32:00.0,-0.002824,-0.00337,-0.006236
33:00.0,-0.00322,-0.003443,-0.005997
34:00.0,-0.003606,-0.0035,-0.005737
35:00.0,-0.00398,-0.00354,-0.005457
36:00.0,-0.004339,-0.003565,-0.005156
37:00.0,-0.004683,-0.003574,-0.004836
38:00.0,-0.005011,-0.003568,-0.004499
39:00.0,-0.00532,-0.003545,-0.004145
40:00.0,-0.005609,-0.003507,-0.003776
41:00.0,-0.005878,-0.003454,-0.003393
42:00.0,-0.006125,-0.003386,-0.002998
43:00.0,-0.00635,-0.003304,-0.002591
44:00.0,-0.00655,-0.003208,-0.002176
45:00.0,-0.006726,-0.003099,-0.001752
46:00.0,-0.006876,-0.002977,-0.001322
47:00.0,-0.007,-0.002843,-0.000887
48:00.0,-0.007098,-0.002697,-0.000449
49:00.0,-0.007168,-0.002542,-0.000009
50:00.0,-0.007211,-0.002376,0.000431
51:00.0,-0.007226,-0.002202,0.000868
52:00.0,-0.007213,-0.002019,0.001303
53:00.0,-0.007173,-0.00183,0.001732
54:00.0,-0.007105,-0.001635,0.002155
55:00.0,-0.007009,-0.001434,0.002569
56:00.0,-0.006887,-0.001229,0.002974
57:00.0,-0.006738,-0.001022,0.003368
58:00.0,-0.006563,-0.000812,0.003749
59:00.0,-0.006362,-0.000601,0.004117
00:00.0,-0.006137,-0.000389,0.004469
01:00.0,-0.005889,-0.000179,0.004805
02:00.0,-0.005618,0.00003,0.005123
03:00.0,-0.005325,0.000236,0.005422
04:00.0,-0.005011,0.000438,0.005702
05:00.0,-0.004678,0.000636,0.005961
06:00.0,-0.004327,0.000829,0.006198
07:00.0,-0.003959,0.001015,0.006413
08:00.0,-0.003576,0.001194,0.006605
09:00.0,-0.003179,0.001366,0.006773
10:00.0,-0.002769,0.001529,0.006917
11:00.0,-0.002348,0.001683,0.007036
12:00.0,-0.001918,0.001827,0.007131
13:00.0,-0.001479,0.001961,0.007199
14:00.0,-0.001035,0.002084,0.007242
15:00.0,-0.000586,0.002195,0.00726
16:00.0,-0.000133,0.002295,0.007251
17:00.0,0.00032,0.002383,0.007217
18:00.0,0.000773,0.002458,0.007157
19:00.0,0.001224,0.002521,0.007072
20:00.0,0.001672,0.002571,0.006961
21:00.0,0.002114,0.002608,0.006826
22:00.0,0.002549,0.002632,0.006666
23:00.0,0.002976,0.002642,0.006482
24:00.0,0.003392,0.00264,0.006274
25:00.0,0.003797,0.002624,0.006045
26:00.0,0.004188,0.002596,0.005793
27:00.0,0.004564,0.002555,0.00552
28:00.0,0.004923,0.002502,0.005227
29:00.0,0.005265,0.002437,0.004915
30:00.0,0.005588,0.00236,0.004585
31:00.0,0.00589,0.002272,0.004239
32:00.0,0.00617,0.002173,0.003876
33:00.0,0.006427,0.002064,0.003499
34:00.0,0.00666,0.001945,0.003109
35:00.0,0.006869,0.001817,0.002708
36:00.0,0.007051,0.001681,0.002296
37:00.0,0.007207,0.001538,0.001876
38:00.0,0.007335,0.001387,0.001448
39:00.0,0.007436,0.00123,0.001015
40:00.0,0.007508,0.001068,0.000578
41:00.0,0.007552,0.000902,0.000139
42:00.0,0.007566,0.000732,-0.000301
43:00.0,0.007552,0.00056,-0.00074
44:00.0,0.007508,0.000385,-0.001177
45:00.0,0.007436,0.00021,-0.001609
46:00.0,0.007335,0.000034,-0.002035
47:00.0,0.007206,-0.00014,-0.002454
48:00.0,0.007049,-0.000313,-0.002864
49:00.0,0.006865,-0.000483,-0.003263
50:00.0,0.006655,-0.00065,-0.00365
51:00.0,0.006419,-0.000812,-0.004024
52:00.0,0.006159,-0.000969,-0.004383
53:00.0,0.005875,-0.00112,-0.004727
54:00.0,0.005569,-0.001265,-0.005052
55:00.0,0.005241,-0.001402,-0.00536
56:00.0,0.004893,-0.001531,-0.005647
57:00.0,0.004527,-0.001652,-0.005914
58:00.0,0.004144,-0.001763,-0.00616
59:00.0,0.003745,-0.001865,-0.006383
00:00.0,0.003332,-0.001956,-0.006583
01:00.0,0.002906,-0.002037,-0.006759
02:00.0,0.002469,-0.002106,-0.006911
03:00.0,0.002023,-0.002164,-0.007037
04:00.0,0.001569,-0.00221,-0.007139
05:00.0,0.00111,-0.002245,-0.007214
06:00.0,0.000646,-0.002267,-0.007264
07:00.0,0.00018,-0.002277,-0.007287
08:00.0,-0.000287,-0.002275,-0.007284
09:00.0,-0.000752,-0.002261,-0.007255
10:00.0,-0.001215,-0.002234,-0.0072
11:00.0,-0.001673,-0.002195,-0.007119
12:00.0,-0.002125,-0.002145,-0.007012
13:00.0,-0.002569,-0.002083,-0.00688
14:00.0,-0.003003,-0.00201,-0.006723
15:00.0,-0.003426,-0.001925,-0.006542
16:00.0,-0.003836,-0.00183,-0.006337
17:00.0,-0.004231,-0.001725,-0.006109
18:00.0,-0.004611,-0.001611,-0.005859
19:00.0,-0.004973,-0.001487,-0.005588
20:00.0,-0.005315,-0.001355,-0.005296
21:00.0,-0.005638,-0.001215,-0.004985
22:00.0,-0.005939,-0.001067,-0.004655
23:00.0,-0.006218,-0.000914,-0.004309
24:00.0,-0.006472,-0.000755,-0.003947
25:00.0,-0.006702,-0.000591,-0.00357
26:00.0,-0.006906,-0.000422,-0.00318
27:00.0,-0.007084,-0.000251,-0.002779
28:00.0,-0.007234,-0.000077,-0.002367
29:00.0,-0.007356,0.000098,-0.001947
30:00.0,-0.007451,0.000273,-0.001519
31:00.0,-0.007516,0.000449,-0.001086
32:00.0,-0.007553,0.000623,-0.000649
33:00.0,-0.007561,0.000795,-0.00021
34:00.0,-0.00754,0.000964,0.000229
35:00.0,-0.00749,0.00113,0.000668
36:00.0,-0.007411,0.00129,0.001104
37:00.0,-0.007304,0.001445,0.001536
38:00.0,-0.00717,0.001594,0.001962
39:00.0,-0.007008,0.001735,0.002381
40:00.0,-0.00682,0.001869,0.00279
41:00.0,-0.006606,0.001994,0.003189
42:00.0,-0.006367,0.00211,0.003576
43:00.0,-0.006105,0.002216,0.00395
44:00.0,-0.00582,0.002312,0.00431
45:00.0,-0.005514,0.002397,0.004653
46:00.0,-0.005187,0.00247,0.004979
47:00.0,-0.004841,0.002532,0.005287
48:00.0,-0.004478,0.002581,0.005576
49:00.0,-0.004099,0.002618,0.005845
50:00.0,-0.003705,0.002642,0.006092
51:00.0,-0.003298,0.002653,0.006317
52:00.0,-0.00288,0.002652,0.00652
53:00.0,-0.002452,0.002637,0.006699
54:00.0,-0.002015,0.002609,0.006854
55:00.0,-0.001572,0.002568,0.006985
56:00.0,-0.001124,0.002513,0.007091
57:00.0,-0.000673,0.002447,0.007171
58:00.0,-0.000219,0.002367,0.007226
59:00.0,0.000234,0.002275,0.007255
00:00.0,0.000685,0.002171,0.007258
01:00.0,0.001133,0.002055,0.007236
02:00.0,0.001576,0.001929,0.007188
03:00.0,0.002012,0.001791,0.007114
04:00.0,0.00244,0.001643,0.007015
05:00.0,0.002858,0.001486,0.006891
06:00.0,0.003265,0.00132,0.006742
07:00.0,0.003659,0.001145,0.006569
08:00.0,0.004039,0.000963,0.006372
09:00.0,0.004403,0.000774,0.006153
10:00.0,0.00475,0.000579,0.005911
11:00.0,0.005079,0.000379,0.005648
12:00.0,0.005388,0.000174,0.005364
13:00.0,0.005676,-0.000033,0.00506
14:00.0,0.005942,-0.000244,0.004739
15:00.0,0.006185,-0.000455,0.004399
16:00.0,0.006404,-0.000668,0.004044
17:00.0,0.006599,-0.000879,0.003673
18:00.0,0.006768,-0.00109,0.003289
19:00.0,0.006911,-0.001298,0.002893
20:00.0,0.007027,-0.001502,0.002486
21:00.0,0.007116,-0.001702,0.002069
22:00.0,0.007178,-0.001896,0.001645
23:00.0,0.007212,-0.002085,0.001214
24:00.0,0.007218,-0.002265,0.000779
25:00.0,0.007197,-0.002438,0.00034
26:00.0,0.007148,-0.002601,-0.0001
27:00.0,0.007071,-0.002755,-0.000539
28:00.0,0.006968,-0.002898,-0.000977
29:00.0,0.006838,-0.003029,-0.001412
30:00.0,0.006681,-0.003148,-0.001841
31:00.0,0.0065,-0.003254,-0.002263
32:00.0,0.006294,-0.003346,-0.002677
33:00.0,0.006065,-0.003424,-0.003082
34:00.0,0.005812,-0.003488,-0.003475
35:00.0,0.005539,-0.003537,-0.003855
36:00.0,0.005245,-0.003571,-0.004221
37:00.0,0.004932,-0.003589,-0.004572
38:00.0,0.0046,-0.003591,-0.004905
39:00.0,0.004253,-0.003578,-0.005221
40:00.0,0.00389,-0.003548,-0.005518
41:00.0,0.003514,-0.003502,-0.005795
42:00.0,0.003126,-0.003441,-0.00605
43:00.0,0.002727,-0.003363,-0.006284
44:00.0,0.00232,-0.003271,-0.006494
45:00.0,0.001905,-0.003162,-0.006681
46:00.0,0.001484,-0.003039,-0.006844
47:00.0,0.001059,-0.002901,-0.006983
48:00.0,0.000632,-0.00275,-0.007095
49:00.0,0.000204,-0.002584,-0.007183
50:00.0,-0.000223,-0.002406,-0.007244
51:00.0,-0.000648,-0.002215,-0.00728
52:00.0,-0.001068,-0.002013,-0.007289
53:00.0,-0.001483,-0.0018,-0.007272
54:00.0,-0.001891,-0.001576,-0.007229
55:00.0,-0.00229,-0.001344,-0.007159
56:00.0,-0.002678,-0.001103,-0.007064
57:00.0,-0.003055,-0.000855,-0.006944
58:00.0,-0.003419,-0.000601,-0.006798
59:00.0,-0.003769,-0.000341,-0.006628
00:00.0,-0.004103,-0.000077,-0.006434
01:00.0,-0.00442,0.00019,-0.006216
02:00.0,-0.004719,0.00046,-0.005976
03:00.0,-0.004998,0.00073,-0.005715
04:00.0,-0.005257,0.001,-0.005432
05:00.0,-0.005495,0.001269,-0.005129
06:00.0,-0.005711,0.001535,-0.004808
07:00.0,-0.005905,0.001798,-0.00447
08:00.0,-0.006074,0.002055,-0.004114
09:00.0,-0.006219,0.002307,-0.003744
10:00.0,-0.00634,0.002551,-0.00336
11:00.0,-0.006436,0.002787,-0.002964
12:00.0,-0.006506,0.003014,-0.002557
13:00.0,-0.006551,0.003231,-0.00214
14:00.0,-0.00657,0.003435,-0.001716
15:00.0,-0.006563,0.003628,-0.001285
16:00.0,-0.006531,0.003807,-0.00085
17:00.0,-0.006474,0.003972,-0.000411
18:00.0,-0.006391,0.004121,0.000028
19:00.0,-0.006285,0.004255,0.000468
20:00.0,-0.006154,0.004372,0.000905
21:00.0,-0.006,0.004473,0.001339
22:00.0,-0.005824,0.004555,0.001768
23:00.0,-0.005626,0.00462,0.00219
24:00.0,-0.005408,0.004665,0.002604
25:00.0,-0.005169,0.004692,0.003008
26:00.0,-0.004912,0.0047,0.003401
27:00.0,-0.004637,0.004689,0.003781
28:00.0,-0.004346,0.004658,0.004147
29:00.0,-0.00404,0.004608,0.004498
30:00.0,-0.003721,0.004539,0.004832
31:00.0,-0.003389,0.004451,0.005149
32:00.0,-0.003045,0.004344,0.005447
33:00.0,-0.002693,0.004218,0.005724
34:00.0,-0.002332,0.004075,0.005982
35:00.0,-0.001964,0.003914,0.006217
36:00.0,-0.001591,0.003736,0.00643
37:00.0,-0.001214,0.003541,0.00662
38:00.0,-0.000835,0.003331,0.006786
39:00.0,-0.000455,0.003105,0.006928
40:00.0,-0.000076,0.002866,0.007045
41:00.0,0.000301,0.002613,0.007137
42:00.0,0.000675,0.002347,0.007204
43:00.0,0.001044,0.00207,0.007245
44:00.0,0.001407,0.001783,0.00726
45:00.0,0.001762,0.001486,0.007249
46:00.0,0.002109,0.00118,0.007213
47:00.0,0.002445,0.000868,0.007151
48:00.0,0.00277,0.000549,0.007063
49:00.0,0.003082,0.000226,0.006951
50:00.0,0.003381,-0.000102,0.006813
51:00.0,0.003665,-0.000431,0.006651
52:00.0,0.003933,-0.000762,0.006465
53:00.0,0.004185,-0.001092,0.006256
54:00.0,0.004419,-0.001421,0.006024
55:00.0,0.004635,-0.001747,0.005771
56:00.0,0.004831,-0.002069,0.005496
57:00.0,0.005008,-0.002386,0.005202
58:00.0,0.005164,-0.002695,0.004888
59:00.0,0.005298,-0.002996,0.004557
00:00.0,0.005412,-0.003288,0.004208
01:00.0,0.005504,-0.003569,0.003845
02:00.0,0.005573,-0.003839,0.003467
03:00.0,0.00562,-0.004095,0.003076
04:00.0,0.005645,-0.004336,0.002673
05:00.0,0.005647,-0.004562,0.002261
06:00.0,0.005627,-0.004772,0.00184
07:00.0,0.005585,-0.004964,0.001412
08:00.0,0.005521,-0.005138,0.000978
09:00.0,0.005435,-0.005293,0.000541
10:00.0,0.005329,-0.005427,0.000102
11:00.0,0.005202,-0.005541,-0.000338
12:00.0,0.005055,-0.005634,-0.000777
13:00.0,0.004889,-0.005704,-0.001213
14:00.0,0.004704,-0.005753,-0.001645
15:00.0,0.004502,-0.005778,-0.002071
16:00.0,0.004284,-0.005781,-0.002489
17:00.0,0.00405,-0.005761,-0.002898
18:00.0,0.003802,-0.005718,-0.003296
19:00.0,0.00354,-0.005652,-0.003683
20:00.0,0.003267,-0.005563,-0.004055
21:00.0,0.002982,-0.005452,-0.004413
22:00.0,0.002688,-0.005318,-0.004755
23:00.0,0.002385,-0.005163,-0.005079
24:00.0,0.002075,-0.004986,-0.005385
25:00.0,0.00176,-0.004789,-0.005671
26:00.0,0.00144,-0.004571,-0.005936
27:00.0,0.001117,-0.004335,-0.00618
28:00.0,0.000792,-0.00408,-0.006401
29:00.0,0.000467,-0.003808,-0.006599
30:00.0,0.000142,-0.003519,-0.006773
31:00.0,-0.00018,-0.003215,-0.006922
32:00.0,-0.000498,-0.002897,-0.007047
33:00.0,-0.000812,-0.002566,-0.007146
34:00.0,-0.00112,-0.002223,-0.007219
35:00.0,-0.001421,-0.001869,-0.007267
36:00.0,-0.001714,-0.001506,-0.007288
37:00.0,-0.001997,-0.001135,-0.007283
38:00.0,-0.00227,-0.000758,-0.007252
39:00.0,-0.002532,-0.000375,-0.007194
40:00.0,-0.002781,0.000011,-0.007111
41:00.0,-0.003017,0.000399,-0.007002
42:00.0,-0.003238,0.000788,-0.006868
43:00.0,-0.003445,0.001176,-0.006709
44:00.0,-0.003636,0.001562,-0.006526
45:00.0,-0.003811,0.001943,-0.006319
46:00.0,-0.003968,0.00232,-0.006089
47:00.0,-0.004108,0.002689,-0.005837
48:00.0,-0.004231,0.00305,-0.005564
49:00.0,-0.004335,0.003401,-0.00527
50:00.0,-0.00442,0.003741,-0.004958
51:00.0,-0.004486,0.004068,-0.004627
52:00.0,-0.004534,0.004381,-0.004279
53:00.0,-0.004562,0.004678,-0.003915
54:00.0,-0.004572,0.004959,-0.003537
55:00.0,-0.004562,0.005222,-0.003147
56:00.0,-0.004534,0.005465,-0.002744
57:00.0,-0.004487,0.005689,-0.002332
58:00.0,-0.004422,0.005891,-0.001911
59:00.0,-0.00434,0.006071,-0.001483
00:00.0,-0.00424,0.006229,-0.001049
01:00.0,-0.004123,0.006362,-0.000612
02:00.0,-0.003991,0.006472,-0.000173
03:00.0,-0.003843,0.006557,0.000267
04:00.0,-0.00368,0.006616,0.000705
05:00.0,-0.003504,0.00665,0.001141
06:00.0,-0.003315,0.006659,0.001572
07:00.0,-0.003114,0.006641,0.001998
08:00.0,-0.002902,0.006598,0.002416
09:00.0,-0.002681,0.006529,0.002824
10:00.0,-0.00245,0.006434,0.003223
11:00.0,-0.002212,0.006314,0.003609
12:00.0,-0.001967,0.00617,0.003981
13:00.0,-0.001716,0.006001,0.004339
14:00.0,-0.001461,0.005809,0.004681
15:00.0,-0.001203,0.005594,0.005006
16:00.0,-0.000942,0.005357,0.005313
17:00.0,-0.000681,0.005098,0.0056
18:00.0,-0.000419,0.004819,0.005867
19:00.0,-0.000159,0.004521,0.006112
20:00.0,0.000099,0.004205,0.006336
21:00.0,0.000353,0.003872,0.006536
22:00.0,0.000603,0.003523,0.006713
23:00.0,0.000848,0.00316,0.006866
24:00.0,0.001087,0.002783,0.006995
25:00.0,0.001318,0.002395,0.007098
26:00.0,0.00154,0.001996,0.007177
27:00.0,0.001754,0.001588,0.007229
28:00.0,0.001958,0.001173,0.007256
29:00.0,0.002152,0.000753,0.007258
30:00.0,0.002334,0.000327,0.007233
31:00.0,0.002504,-0.000101,0.007183
32:00.0,0.002661,-0.00053,0.007107
33:00.0,0.002805,-0.000959,0.007005
34:00.0,0.002936,-0.001385,0.006879
35:00.0,0.003053,-0.001808,0.006728
36:00.0,0.003155,-0.002226,0.006553
37:00.0,0.003242,-0.002638,0.006354
38:00.0,0.003314,-0.00304,0.006133
39:00.0,0.003371,-0.003433,0.005889
40:00.0,0.003413,-0.003814,0.005624
41:00.0,0.003439,-0.004182,0.005339
42:00.0,0.00345,-0.004536,0.005034
43:00.0,0.003446,-0.004874,0.004711
44:00.0,0.003426,-0.005194,0.00437
45:00.0,0.003391,-0.005496,0.004013
46:00.0,0.003342,-0.005778,0.003641
47:00.0,0.003278,-0.006038,0.003256
48:00.0,0.0032,-0.006277,0.002859
49:00.0,0.003109,-0.006492,0.002451
50:00.0,0.003004,-0.006683,0.002033
51:00.0,0.002887,-0.006849,0.001608
52:00.0,0.002758,-0.006989,0.001177
53:00.0,0.002618,-0.007102,0.000742
54:00.0,0.002468,-0.007188,0.000303
55:00.0,0.002308,-0.007247,-0.000137
56:00.0,0.002139,-0.007279,-0.000577
57:00.0,0.001962,-0.007282,-0.001014
58:00.0,0.001778,-0.007257,-0.001448
59:00.0,0.001588,-0.007204,-0.001877
00:00.0,0.001393,-0.007123,-0.002299
01:00.0,0.001193,-0.007015,-0.002712
02:00.0,0.00099,-0.006879,-0.003115
03:00.0,0.000785,-0.006716,-0.003507
04:00.0,0.000579,-0.006528,-0.003887
05:00.0,0.000372,-0.006314,-0.004251
06:00.0,0.000166,-0.006075,-0.004601
07:00.0,-0.000038,-0.005813,-0.004933
08:00.0,-0.00024,-0.005528,-0.005247
09:00.0,-0.000438,-0.005222,-0.005542
10:00.0,-0.000632,-0.004895,-0.005817
11:00.0,-0.000821,-0.004548,-0.006071
12:00.0,-0.001003,-0.004184,-0.006302
13:00.0,-0.001179,-0.003804,-0.006511
14:00.0,-0.001347,-0.003408,-0.006696
15:00.0,-0.001507,-0.002999,-0.006857
16:00.0,-0.001657,-0.002578,-0.006993
17:00.0,-0.001798,-0.002147,-0.007104
18:00.0,-0.001928,-0.001707,-0.007189
19:00.0,-0.002048,-0.001259,-0.007248
20:00.0,-0.002156,-0.000806,-0.007282
21:00.0,-0.002253,-0.00035,-0.007289
22:00.0,-0.002338,0.000109,-0.007269
23:00.0,-0.00241,0.000568,-0.007224
24:00.0,-0.002469,0.001025,-0.007152
25:00.0,-0.002516,0.00148,-0.007055
26:00.0,-0.00255,0.001929,-0.006932
27:00.0,-0.002571,0.002372,-0.006785
28:00.0,-0.002578,0.002807,-0.006613
29:00.0,-0.002573,0.003232,-0.006416
30:00.0,-0.002555,0.003645,-0.006197
31:00.0,-0.002524,0.004045,-0.005955
32:00.0,-0.00248,0.00443,-0.005691
33:00.0,-0.002424,0.004799,-0.005407
34:00.0,-0.002357,0.00515,-0.005103
35:00.0,-0.002278,0.005482,-0.00478
36:00.0,-0.002188,0.005794,-0.00444
37:00.0,-0.002087,0.006084,-0.004084
38:00.0,-0.001976,0.006351,-0.003712
39:00.0,-0.001856,0.006594,-0.003327
40:00.0,-0.001727,0.006812,-0.00293
41:00.0,-0.00159,0.007004,-0.002522
42:00.0,-0.001446,0.00717,-0.002104
43:00.0,-0.001295,0.007308,-0.001679
44:00.0,-0.001139,0.007418,-0.001248
45:00.0,-0.000977,0.0075,-0.000813
46:00.0,-0.000812,0.007553,-0.000374
47:00.0,-0.000643,0.007577,0.000065
48:00.0,-0.000471,0.007573,0.000505
49:00.0,-0.000299,0.007539,0.000942
50:00.0,-0.000125,0.007476,0.001376
51:00.0,0.000048,0.007385,0.001804
52:00.0,0.00022,0.007266,0.002225
53:00.0,0.00039,0.007119,0.002639
54:00.0,0.000557,0.006944,0.003042
55:00.0,0.00072,0.006744,0.003434
56:00.0,0.000879,0.006518,0.003813
57:00.0,0.001033,0.006267,0.004177
58:00.0,0.00118,0.005992,0.004527
59:00.0,0.00132,0.005695,0.00486
00:00.0,0.001454,0.005377,0.005175
01:00.0,0.001579,0.005038,0.005471
02:00.0,0.001695,0.004681,0.005747
03:00.0,0.001802,0.004307,0.006002
04:00.0,0.001899,0.003916,0.006236
05:00.0,0.001985,0.003511,0.006447
06:00.0,0.002061,0.003093,0.006635
07:00.0,0.002126,0.002664,0.006799
08:00.0,0.00218,0.002224,0.006939
09:00.0,0.002222,0.001777,0.007054
10:00.0,0.002252,0.001324,0.007144
11:00.0,0.00227,0.000865,0.007208
12:00.0,0.002276,0.000404,0.007247
13:00.0,0.00227,-0.000059,0.00726
14:00.0,0.002252,-0.000522,0.007247
15:00.0,0.002222,-0.000983,0.007209
16:00.0,0.002179,-0.00144,0.007144
17:00.0,0.002126,-0.001891,0.007055
18:00.0,0.00206,-0.002336,0.00694
19:00.0,0.001984,-0.002771,0.0068
20:00.0,0.001896,-0.003197,0.006636
21:00.0,0.001798,-0.00361,0.006448
22:00.0,0.00169,-0.004011,0.006237
23:00.0,0.001573,-0.004396,0.006003
24:00.0,0.001446,-0.004764,0.005748
25:00.0,0.001312,-0.005115,0.005472
26:00.0,0.001169,-0.005447,0.005176
27:00.0,0.001019,-0.005758,0.004861
28:00.0,0.000863,-0.006047,0.004528
29:00.0,0.000702,-0.006314,0.004178
30:00.0,0.000535,-0.006556,0.003813
31:00.0,0.000365,-0.006774,0.003434
32:00.0,0.000191,-0.006966,0.003042
33:00.0,0.000015,-0.007131,0.002639
34:00.0,-0.000163,-0.007269,0.002225
35:00.0,-0.000341,-0.007379,0.001804
36:00.0,-0.000518,-0.007461,0.001375
37:00.0,-0.000695,-0.007515,0.000941
38:00.0,-0.000869,-0.007539,0.000504
39:00.0,-0.001041,-0.007535,0.000064
40:00.0,-0.001208,-0.007502,-0.000376
41:00.0,-0.001371,-0.00744,-0.000814
42:00.0,-0.001528,-0.007349,-0.00125
43:00.0,-0.001678,-0.007231,-0.001681
44:00.0,-0.001822,-0.007085,-0.002106
45:00.0,-0.001957,-0.006912,-0.002524
46:00.0,-0.002084,-0.006712,-0.002932
47:00.0,-0.002201,-0.006488,-0.00333
48:00.0,-0.002308,-0.006238,-0.003715
49:00.0,-0.002404,-0.005966,-0.004086
50:00.0,-0.00249,-0.00567,-0.004443
51:00.0,-0.002563,-0.005354,-0.004783
52:00.0,-0.002625,-0.005018,-0.005106
53:00.0,-0.002674,-0.004664,-0.00541
54:00.0,-0.00271,-0.004292,-0.005694
55:00.0,-0.002733,-0.003905,-0.005957
56:00.0,-0.002743,-0.003503,-0.006199
57:00.0,-0.002739,-0.00309,-0.006418
58:00.0,-0.002722,-0.002665,-0.006614
59:00.0,-0.002691,-0.002231,-0.006786
00:00.0,-0.002647,-0.00179,-0.006934
01:00.0,-0.00259,-0.001343,-0.007056
02:00.0,-0.002519,-0.000891,-0.007153
03:00.0,-0.002436,-0.000437,-0.007224
04:00.0,-0.002339,0.000017,-0.00727
05:00.0,-0.002231,0.000471,-0.007289
06:00.0,-0.00211,0.000922,-0.007281
07:00.0,-0.001978,0.001368,-0.007248
08:00.0,-0.001835,0.001808,-0.007188
09:00.0,-0.001681,0.002241,-0.007103
10:00.0,-0.001518,0.002664,-0.006992
11:00.0,-0.001346,0.003077,-0.006855
12:00.0,-0.001165,0.003477,-0.006694
13:00.0,-0.000976,0.003863,-0.006509
14:00.0,-0.000781,0.004233,-0.0063
15:00.0,-0.00058,0.004587,-0.006068
16:00.0,-0.000373,0.004922,-0.005815
17:00.0,-0.000162,0.005238,-0.00554
18:00.0,0.000052,0.005534,-0.005245
19:00.0,0.000268,0.005807,-0.00493
20:00.0,0.000486,0.006058,-0.004598
21:00.0,0.000704,0.006286,-0.004249
22:00.0,0.000922,0.006488,-0.003884
23:00.0,0.001138,0.006665,-0.003505
24:00.0,0.001351,0.006816,-0.003113
25:00.0,0.001561,0.006941,-0.00271
26:00.0,0.001765,0.007039,-0.002296
27:00.0,0.001965,0.007109,-0.001875
28:00.0,0.002157,0.007152,-0.001446
29:00.0,0.002342,0.007167,-0.001013
30:00.0,0.002518,0.007154,-0.000575
31:00.0,0.002685,0.007114,-0.000136
32:00.0,0.002842,0.007047,0.000304
33:00.0,0.002988,0.006953,0.000742
34:00.0,0.003121,0.006832,0.001178
35:00.0,0.003243,0.006686,0.001609
36:00.0,0.003351,0.006514,0.002034
37:00.0,0.003445,0.006318,0.002451
38:00.0,0.003525,0.006098,0.002859
39:00.0,0.00359,0.005856,0.003256
40:00.0,0.00364,0.005593,0.003641
41:00.0,0.003675,0.005309,0.004012
42:00.0,0.003694,0.005006,0.004369
43:00.0,0.003697,0.004685,0.00471
44:00.0,0.003683,0.004348,0.005033
45:00.0,0.003654,0.003995,0.005338
46:00.0,0.003608,0.003629,0.005623
47:00.0,0.003547,0.003251,0.005888
48:00.0,0.003469,0.002862,0.006132
49:00.0,0.003376,0.002464,0.006353
50:00.0,0.003267,0.002058,0.006552
51:00.0,0.003143,0.001646,0.006727
52:00.0,0.003005,0.001229,0.006878
53:00.0,0.002852,0.00081,0.007005
54:00.0,0.002685,0.00039,0.007106
55:00.0,0.002506,-0.000031,0.007182
56:00.0,0.002313,-0.000449,0.007233
57:00.0,0.002109,-0.000864,0.007257
58:00.0,0.001894,-0.001274,0.007256
59:00.0,0.001669,-0.001678,0.00723
00:00.0,0.001434,-0.002074,0.007177
01:00.0,0.00119,-0.00246,0.007099
02:00.0,0.000939,-0.002836,0.006996
03:00.0,0.000681,-0.0032,0.006867
04:00.0,0.000418,-0.00355,0.006714
05:00.0,0.00015,-0.003885,0.006537
06:00.0,-0.000122,-0.004205,0.006337
07:00.0,-0.000396,-0.004507,0.006113
08:00.0,-0.000672,-0.004791,0.005868
09:00.0,-0.000948,-0.005056,0.005601
10:00.0,-0.001223,-0.0053,0.005314
11:00.0,-0.001495,-0.005524,0.005007
12:00.0,-0.001765,-0.005725,0.004682
13:00.0,-0.00203,-0.005904,0.00434
14:00.0,-0.002289,-0.006059,0.003982
15:00.0,-0.002541,-0.006191,0.003609
16:00.0,-0.002786,-0.006298,0.003223
17:00.0,-0.003021,-0.00638,0.002825
18:00.0,-0.003246,-0.006438,0.002416
19:00.0,-0.00346,-0.00647,0.001998
20:00.0,-0.003662,-0.006477,0.001572
21:00.0,-0.00385,-0.006458,0.00114
22:00.0,-0.004024,-0.006415,0.000704
23:00.0,-0.004183,-0.006347,0.000266
24:00.0,-0.004327,-0.006255,-0.000174
25:00.0,-0.004453,-0.006138,-0.000614
26:00.0,-0.004563,-0.005998,-0.001051
27:00.0,-0.004654,-0.005836,-0.001485
28:00.0,-0.004727,-0.005651,-0.001913
29:00.0,-0.004781,-0.005446,-0.002334
30:00.0,-0.004816,-0.00522,-0.002747
31:00.0,-0.004831,-0.004975,-0.003149
32:00.0,-0.004827,-0.004712,-0.00354
33:00.0,-0.004803,-0.004432,-0.003918
34:00.0,-0.004758,-0.004136,-0.004282
35:00.0,-0.004694,-0.003826,-0.004629
36:00.0,-0.00461,-0.003503,-0.00496
37:00.0,-0.004507,-0.003168,-0.005273
38:00.0,-0.004385,-0.002822,-0.005566
39:00.0,-0.004244,-0.002468,-0.005839
40:00.0,-0.004084,-0.002106,-0.006091
41:00.0,-0.003907,-0.001738,-0.006321
42:00.0,-0.003712,-0.001366,-0.006528
43:00.0,-0.003501,-0.000991,-0.006711
44:00.0,-0.003274,-0.000614,-0.006869
45:00.0,-0.003032,-0.000238,-0.007003
46:00.0,-0.002776,0.000138,-0.007112
47:00.0,-0.002507,0.00051,-0.007195
48:00.0,-0.002225,0.000879,-0.007252
49:00.0,-0.001933,0.001241,-0.007283
50:00.0,-0.001631,0.001596,-0.007288
51:00.0,-0.001319,0.001943,-0.007266
52:00.0,-0.001,0.002281,-0.007219
53:00.0,-0.000674,0.002607,-0.007145
54:00.0,-0.000343,0.002921,-0.007046
55:00.0,-0.000008,0.003222,-0.006921
56:00.0,0.000329,0.003509,-0.006771
57:00.0,0.000668,0.00378,-0.006597
58:00.0,0.001007,0.004034,-0.006399
59:00.0,0.001345,0.004271,-0.006177
00:00.0,0.00168,0.00449,-0.005933
01:00.0,0.00201,0.00469,-0.005668
02:00.0,0.002336,0.00487,-0.005382
03:00.0,0.002654,0.00503,-0.005076
04:00.0,0.002964,0.005169,-0.004752
05:00.0,0.003265,0.005287,-0.00441
06:00.0,0.003555,0.005383,-0.004053
07:00.0,0.003833,0.005457,-0.00368
08:00.0,0.004097,0.00551,-0.003294
09:00.0,0.004347,0.005539,-0.002896
10:00.0,0.004582,0.005547,-0.002487
11:00.0,0.004799,0.005533,-0.002069
12:00.0,0.004999,0.005496,-0.001643
13:00.0,0.005181,0.005438,-0.001212
14:00.0,0.005343,0.005359,-0.000776
15:00.0,0.005485,0.005259,-0.000337
16:00.0,0.005605,0.005138,0.000103
17:00.0,0.005705,0.004998,0.000542
18:00.0,0.005782,0.00484,0.000979
19:00.0,0.005837,0.004663,0.001412
20:00.0,0.005869,0.004468,0.00184
21:00.0,0.005878,0.004258,0.002261
22:00.0,0.005864,0.004032,0.002673
23:00.0,0.005826,0.003792,0.003075
24:00.0,0.005766,0.003539,0.003466
25:00.0,0.005682,0.003274,0.003844
26:00.0,0.005576,0.002999,0.004208
27:00.0,0.005448,0.002713,0.004556
28:00.0,0.005297,0.002419,0.004887
29:00.0,0.005125,0.002119,0.005201
30:00.0,0.004932,0.001812,0.005495
31:00.0,0.00472,0.001501,0.00577
32:00.0,0.004487,0.001187,0.006023
33:00.0,0.004236,0.000871,0.006255
34:00.0,0.003968,0.000554,0.006464
35:00.0,0.003683,0.000238,0.00665
36:00.0,0.003382,-0.000076,0.006812
37:00.0,0.003066,-0.000387,0.00695
38:00.0,0.002737,-0.000694,0.007063
39:00.0,0.002396,-0.000995,0.007151
40:00.0,0.002044,-0.001289,0.007213
41:00.0,0.001682,-0.001576,0.007249
42:00.0,0.001312,-0.001854,0.00726
43:00.0,0.000934,-0.002122,0.007245
44:00.0,0.000551,-0.002379,0.007204
45:00.0,0.000164,-0.002625,0.007138
46:00.0,-0.000226,-0.002858,0.007046
47:00.0,-0.000617,-0.003077,0.006929
48:00.0,-0.001009,-0.003282,0.006787
49:00.0,-0.001398,-0.003473,0.006621
50:00.0,-0.001785,-0.003647,0.006431
51:00.0,-0.002167,-0.003805,0.006218
52:00.0,-0.002543,-0.003947,0.005983
53:00.0,-0.002911,-0.004071,0.005726
54:00.0,-0.00327,-0.004178,0.005448
55:00.0,-0.003618,-0.004267,0.00515
56:00.0,-0.003955,-0.004338,0.004833
57:00.0,-0.004278,-0.00439,0.004499
58:00.0,-0.004586,-0.004424,0.004148
59:00.0,-0.004879,-0.004439,0.003782
00:00.0,-0.005154,-0.004436,0.003401
01:00.0,-0.00541,-0.004415,0.003008
02:00.0,-0.005647,-0.004376,0.002604
03:00.0,-0.005863,-0.004318,0.00219
04:00.0,-0.006057,-0.004244,0.001768
05:00.0,-0.006229,-0.004152,0.001339
06:00.0,-0.006377,-0.004044,0.000904
07:00.0,-0.006502,-0.00392,0.000467
08:00.0,-0.006601,-0.00378,0.000027
09:00.0,-0.006675,-0.003626,-0.000413
10:00.0,-0.006724,-0.003459,-0.000851
11:00.0,-0.006746,-0.003278,-0.001287
12:00.0,-0.006742,-0.003086,-0.001718
13:00.0,-0.006713,-0.002882,-0.002142
14:00.0,-0.006656,-0.002668,-0.002559
15:00.0,-0.006574,-0.002445,-0.002966
16:00.0,-0.006466,-0.002214,-0.003363
17:00.0,-0.006332,-0.001976,-0.003747
18:00.0,-0.006174,-0.001733,-0.004117
19:00.0,-0.005991,-0.001484,-0.004472
20:00.0,-0.005784,-0.001232,-0.004811
21:00.0,-0.005554,-0.000977,-0.005132
22:00.0,-0.005302,-0.000721,-0.005434
23:00.0,-0.005029,-0.000465,-0.005717
24:00.0,-0.004735,-0.00021,-0.005979
25:00.0,-0.004422,0.000044,-0.006219
26:00.0,-0.004091,0.000294,-0.006436
27:00.0,-0.003744,0.00054,-0.00663
28:00.0,-0.003381,0.000781,-0.0068
29:00.0,-0.003004,0.001016,-0.006945
30:00.0,-0.002614,0.001244,-0.007065
31:00.0,-0.002213,0.001464,-0.00716
32:00.0,-0.001802,0.001675,-0.007229
33:00.0,-0.001383,0.001876,-0.007272
34:00.0,-0.000958,0.002067,-0.007289
35:00.0,-0.000527,0.002247,-0.007279
36:00.0,-0.000093,0.002415,-0.007244
37:00.0,0.000343,0.002571,-0.007182
38:00.0,0.000778,0.002713,-0.007094
39:00.0,0.001213,0.002842,-0.006981
40:00.0,0.001644,0.002958,-0.006843
41:00.0,0.002071,0.003058,-0.00668
42:00.0,0.00249,0.003144,-0.006492
43:00.0,0.002902,0.003216,-0.006281
44:00.0,0.003304,0.003272,-0.006048
45:00.0,0.003695,0.003313,-0.005792
46:00.0,0.004073,0.003338,-0.005515
47:00.0,0.004436,0.003349,-0.005219
48:00.0,0.004784,0.003344,-0.004903
49:00.0,0.005114,0.003324,-0.004569
50:00.0,0.005425,0.00329,-0.004218
51:00.0,0.005717,0.003241,-0.003852
52:00.0,0.005988,0.003177,-0.003472
53:00.0,0.006236,0.0031,-0.003079
54:00.0,0.006461,0.00301,-0.002675
55:00.0,0.006661,0.002907,-0.002261
56:00.0,0.006837,0.002791,-0.001839
57:00.0,0.006986,0.002664,-0.00141
58:00.0,0.007109,0.002526,-0.000976
59:00.0,0.007205,0.002379,-0.000538
00:00.0,0.007273,0.002221,-0.000099
01:00.0,0.007313,0.002056,0.000341
02:00.0,0.007326,0.001882,0.000779
03:00.0,0.00731,0.001702,0.001214
04:00.0,0.007266,0.001516,0.001645
05:00.0,0.007194,0.001325,0.002069
06:00.0,0.007095,0.00113,0.002486
07:00.0,0.006968,0.000932,0.002893
08:00.0,0.006814,0.000732,0.003289
09:00.0,0.006634,0.000531,0.003673
10:00.0,0.006429,0.00033,0.004043
11:00.0,0.006199,0.000129,0.004398
12:00.0,0.005945,-0.000069,0.004738
13:00.0,0.005669,-0.000265,0.005059
14:00.0,0.00537,-0.000457,0.005363
15:00.0,0.005051,-0.000645,0.005646
16:00.0,0.004713,-0.000828,0.00591
17:00.0,0.004356,-0.001004,0.006152
18:00.0,0.003983,-0.001174,0.006371
19:00.0,0.003594,-0.001336,0.006568
20:00.0,0.003192,-0.001489,0.006741
21:00.0,0.002777,-0.001634,0.00689
22:00.0,0.002351,-0.001769,0.007014
23:00.0,0.001916,-0.001894,0.007114
24:00.0,0.001473,-0.002009,0.007187
25:00.0,0.001024,-0.002112,0.007236
26:00.0,0.00057,-0.002204,0.007258
27:00.0,0.000114,-0.002284,0.007255
28:00.0,-0.000343,-0.002352,0.007226
29:00.0,-0.0008,-0.002408,0.007171
30:00.0,-0.001254,-0.002451,0.007091
31:00.0,-0.001705,-0.002481,0.006986
32:00.0,-0.002149,-0.002499,0.006855
33:00.0,-0.002587,-0.002504,0.0067
34:00.0,-0.003015,-0.002497,0.006521
35:00.0,-0.003433,-0.002477,0.006319
36:00.0,-0.003839,-0.002444,0.006093
37:00.0,-0.004231,-0.002399,0.005846
38:00.0,-0.004608,-0.002342,0.005577
39:00.0,-0.004968,-0.002274,0.005289
40:00.0,-0.00531,-0.002194,0.00498
41:00.0,-0.005633,-0.002104,0.004654
42:00.0,-0.005935,-0.002003,0.004311
43:00.0,-0.006214,-0.001893,0.003951
44:00.0,-0.006471,-0.001773,0.003577
45:00.0,-0.006703,-0.001644,0.00319
46:00.0,-0.00691,-0.001508,0.00279
47:00.0,-0.007091,-0.001365,0.002381
48:00.0,-0.007245,-0.001215,0.001962
49:00.0,-0.007372,-0.001059,0.001536
50:00.0,-0.007471,-0.000899,0.001104
51:00.0,-0.007541,-0.000734,0.000667
52:00.0,-0.007582,-0.000566,0.000228
53:00.0,-0.007594,-0.000396,-0.000212
54:00.0,-0.007577,-0.000225,-0.000651
55:00.0,-0.007531,-0.000053,-0.001088
56:00.0,-0.007456,0.000119,-0.001521
57:00.0,-0.007353,0.00029,-0.001949
58:00.0,-0.007221,0.000458,-0.002369
59:00.0,-0.007061,0.000624,-0.002781
00:00.0,-0.006875,0.000785,-0.003183
01:00.0,-0.006662,0.000943,-0.003573
02:00.0,-0.006424,0.001094,-0.003949
03:00.0,-0.006161,0.00124,-0.004312
04:00.0,-0.005874,0.001379,-0.004658
05:00.0,-0.005566,0.00151,-0.004987
06:00.0,-0.005236,0.001633,-0.005298
07:00.0,-0.004886,0.001747,-0.00559
08:00.0,-0.004518,0.001851,-0.005862
09:00.0,-0.004133,0.001946,-0.006112
10:00.0,-0.003732,0.00203,-0.006339
11:00.0,-0.003318,0.002103,-0.006544
12:00.0,-0.002891,0.002165,-0.006725
13:00.0,-0.002453,0.002215,-0.006882
14:00.0,-0.002007,0.002254,-0.007014
15:00.0,-0.001553,0.002281,-0.00712
16:00.0,-0.001093,0.002295,-0.007201
17:00.0,-0.000629,0.002297,-0.007256
18:00.0,-0.000164,0.002287,-0.007285
19:00.0,0.000303,0.002264,-0.007287
20:00.0,0.000768,0.00223,-0.007263
21:00.0,0.001229,0.002183,-0.007214
22:00.0,0.001686,0.002124,-0.007138
23:00.0,0.002137,0.002054,-0.007036
24:00.0,0.002579,0.001973,-0.006909
25:00.0,0.003011,0.001881,-0.006757
26:00.0,0.003432,0.001778,-0.006581
27:00.0,0.00384,0.001665,-0.006381
28:00.0,0.004233,0.001542,-0.006158
29:00.0,0.004609,0.001411,-0.005912
30:00.0,0.004968,0.001271,-0.005645
31:00.0,0.005308,0.001124,-0.005357
32:00.0,0.005628,0.00097,-0.00505
33:00.0,0.005926,0.000809,-0.004724
34:00.0,0.006202,0.000643,-0.004381
35:00.0,0.006453,0.000473,-0.004022
36:00.0,0.00668,0.000298,-0.003648
37:00.0,0.006881,0.000121,-0.003261
38:00.0,0.007055,-0.000059,-0.002861
39:00.0,0.007202,-0.000239,-0.002452
40:00.0,0.007322,-0.00042,-0.002033
41:00.0,0.007413,-0.000601,-0.001607
42:00.0,0.007476,-0.000779,-0.001175
43:00.0,0.00751,-0.000956,-0.000739
44:00.0,0.007516,-0.001129,-0.0003
45:00.0,0.007492,-0.001298,0.00014
46:00.0,0.00744,-0.001462,0.000579
47:00.0,0.007359,-0.001619,0.001016
48:00.0,0.00725,-0.00177,0.001449
49:00.0,0.007114,-0.001914,0.001876
50:00.0,0.006951,-0.002049,0.002296
51:00.0,0.006762,-0.002175,0.002708
52:00.0,0.006547,-0.002292,0.003109
53:00.0,0.006308,-0.002398,0.003499
54:00.0,0.006046,-0.002494,0.003875
55:00.0,0.005761,-0.002578,0.004238
56:00.0,0.005455,-0.00265,0.004585
57:00.0,0.005129,-0.00271,0.004914
58:00.0,0.004784,-0.002757,0.005226
59:00.0,0.004422,-0.002791,0.005519
00:00.0,0.004045,-0.002812,0.005792
01:00.0,0.003653,-0.00282,0.006044
02:00.0,0.003249,-0.002814,0.006273
03:00.0,0.002833,-0.002795,0.006481
04:00.0,0.002408,-0.002762,0.006665
05:00.0,0.001974,-0.002715,0.006825
06:00.0,0.001535,-0.002655,0.00696
07:00.0,0.001091,-0.002582,0.007071
08:00.0,0.000644,-0.002496,0.007157
09:00.0,0.000195,-0.002397,0.007217
10:00.0,-0.000253,-0.002285,0.007251
11:00.0,-0.0007,-0.002162,0.00726
12:00.0,-0.001142,-0.002027,0.007243
13:00.0,-0.00158,-0.00188,0.0072
14:00.0,-0.002011,-0.001724,0.007131
15:00.0,-0.002433,-0.001557,0.007037
16:00.0,-0.002845,-0.001381,0.006918
17:00.0,-0.003246,-0.001197,0.006774
18:00.0,-0.003634,-0.001005,0.006606
19:00.0,-0.004007,-0.000806,0.006414
20:00.0,-0.004365,-0.0006,0.006199
21:00.0,-0.004706,-0.00039,0.005962
22:00.0,-0.005028,-0.000174,0.005703
23:00.0,-0.00533,0.000044,0.005423
24:00.0,-0.005612,0.000265,0.005124
25:00.0,-0.005873,0.000488,0.004806
26:00.0,-0.00611,0.000712,0.00447
27:00.0,-0.006323,0.000934,0.004118
28:00.0,-0.006513,0.001156,0.00375
29:00.0,-0.006676,0.001375,0.003369
30:00.0,-0.006814,0.00159,0.002975
31:00.0,-0.006926,0.001801,0.002569
32:00.0,-0.007011,0.002007,0.002155
33:00.0,-0.007068,0.002205,0.001732
34:00.0,-0.007099,0.002397,0.001302
35:00.0,-0.007102,0.002579,0.000867
36:00.0,-0.007078,0.002753,0.00043
37:00.0,-0.007026,0.002916,-0.00001
38:00.0,-0.006948,0.003068,-0.00045
39:00.0,-0.006842,0.003208,-0.000888
40:00.0,-0.006711,0.003335,-0.001323
41:00.0,-0.006555,0.003449,-0.001754
42:00.0,-0.006373,0.003549,-0.002178
43:00.0,-0.006168,0.003634,-0.002594
44:00.0,-0.005939,0.003704,-0.003
45:00.0,-0.005689,0.003759,-0.003396
46:00.0,-0.005417,0.003798,-0.003779
47:00.0,-0.005126,0.00382,-0.004148
48:00.0,-0.004816,0.003826,-0.004502
49:00.0,-0.004488,0.003816,-0.004839
50:00.0,-0.004145,0.003789,-0.005158
51:00.0,-0.003787,0.003745,-0.005459
52:00.0,-0.003416,0.003684,-0.00574
53:00.0,-0.003033,0.003607,-0.006
54:00.0,-0.002641,0.003514,-0.006238
55:00.0,-0.00224,0.003404,-0.006453
56:00.0,-0.001832,0.003279,-0.006645
57:00.0,-0.001418,0.003138,-0.006813
58:00.0,-0.001001,0.002983,-0.006956
59:00.0,-0.000582,0.002813,-0.007075
00:00.0,-0.000163,0.00263,-0.007167
01:00.0,0.000255,0.002434,-0.007234
02:00.0,0.000671,0.002225,-0.007275
03:00.0,0.001082,0.002004,-0.007289
04:00.0,0.001487,0.001773,-0.007277
05:00.0,0.001885,0.001532,-0.00724
06:00.0,0.002275,0.001282,-0.007176
07:00.0,0.002653,0.001024,-0.007086
08:00.0,0.00302,0.00076,-0.00697
09:00.0,0.003374,0.000489,-0.00683
10:00.0,0.003714,0.000213,-0.006665
11:00.0,0.004038,-0.000066,-0.006475
12:00.0,0.004345,-0.000348,-0.006263
13:00.0,0.004634,-0.000632,-0.006027
14:00.0,0.004904,-0.000916,-0.00577
15:00.0,0.005154,-0.001198,-0.005491
16:00.0,0.005383,-0.001479,-0.005193
17:00.0,0.00559,-0.001756,-0.004875
18:00.0,0.005775,-0.002029,-0.00454
19:00.0,0.005936,-0.002296,-0.004188
20:00.0,0.006074,-0.002556,-0.003821
21:00.0,0.006188,-0.002808,-0.003439
22:00.0,0.006277,-0.00305,-0.003045
23:00.0,0.006341,-0.003283,-0.00264
24:00.0,0.00638,-0.003503,-0.002226
25:00.0,0.006394,-0.003712,-0.001803
26:00.0,0.006383,-0.003906,-0.001373
27:00.0,0.006347,-0.004087,-0.000939
28:00.0,0.006287,-0.004252,-0.000501
29:00.0,0.006203,-0.0044,-0.000061
30:00.0,0.006094,-0.004532,0.000378
31:00.0,0.005963,-0.004647,0.000816
32:00.0,0.005809,-0.004743,0.001251
33:00.0,0.005633,-0.004821,0.001681
34:00.0,0.005436,-0.004879,0.002105
35:00.0,0.00522,-0.004918,0.00252
36:00.0,0.004984,-0.004938,0.002927
37:00.0,0.00473,-0.004937,0.003322
38:00.0,0.00446,-0.004916,0.003705
39:00.0,0.004174,-0.004876,0.004074
40:00.0,0.003873,-0.004815,0.004428
41:00.0,0.00356,-0.004734,0.004766
42:00.0,0.003235,-0.004634,0.005086
43:00.0,0.002899,-0.004514,0.005388
44:00.0,0.002554,-0.004375,0.00567
45:00.0,0.002202,-0.004218,0.005931
46:00.0,0.001844,-0.004043,0.006171
47:00.0,0.001481,-0.00385,0.006389
48:00.0,0.001115,-0.003641,0.006583
49:00.0,0.000746,-0.003415,0.006754
50:00.0,0.000378,-0.003175,0.006901
51:00.0,0.00001,-0.00292,0.007024
52:00.0,-0.000355,-0.002651,0.007121
53:00.0,-0.000716,-0.00237,0.007193
54:00.0,-0.001072,-0.002078,0.007239
55:00.0,-0.001422,-0.001775,0.007259
56:00.0,-0.001764,-0.001463,0.007254
57:00.0,-0.002097,-0.001142,0.007223
58:00.0,-0.00242,-0.000815,0.007166
59:00.0,-0.002731,-0.000482,0.007083
00:00.0,-0.00303,-0.000144,0.006976
01:00.0,-0.003316,0.000197,0.006843
02:00.0,-0.003586,0.00054,0.006686
03:00.0,-0.003842,0.000883,0.006505
04:00.0,-0.00408,0.001226,0.0063
05:00.0,-0.004301,0.001567,0.006073
06:00.0,-0.004505,0.001904,0.005824
07:00.0,-0.004689,0.002236,0.005554
08:00.0,-0.004854,0.002562,0.005263
09:00.0,-0.004999,0.00288,0.004953
10:00.0,-0.005123,0.00319,0.004626
11:00.0,-0.005226,0.003489,0.004281
12:00.0,-0.005308,0.003777,0.00392
13:00.0,-0.005369,0.004052,0.003545
14:00.0,-0.005408,0.004313,0.003156
15:00.0,-0.005425,0.004559,0.002756
16:00.0,-0.005421,0.004788,0.002346
17:00.0,-0.005395,0.005,0.001926
18:00.0,-0.005348,0.005194,0.001499
19:00.0,-0.00528,0.005369,0.001067
20:00.0,-0.005191,0.005523,0.00063
21:00.0,-0.005082,0.005657,0.000191
22:00.0,-0.004953,0.005769,-0.000249
23:00.0,-0.004806,0.005858,-0.000688
24:00.0,-0.00464,0.005926,-0.001125
25:00.0,-0.004457,0.00597,-0.001558
26:00.0,-0.004257,0.00599,-0.001985
27:00.0,-0.004042,0.005987,-0.002404
28:00.0,-0.003812,0.005961,-0.002815
29:00.0,-0.003569,0.00591,-0.003216
30:00.0,-0.003313,0.005836,-0.003605
31:00.0,-0.003046,0.005739,-0.003981
32:00.0,-0.002769,0.005618,-0.004342
33:00.0,-0.002484,0.005475,-0.004687
34:00.0,-0.00219,0.005309,-0.005014
35:00.0,-0.001891,0.005122,-0.005324
36:00.0,-0.001586,0.004914,-0.005614
37:00.0,-0.001278,0.004685,-0.005884
38:00.0,-0.000967,0.004437,-0.006132
39:00.0,-0.000655,0.00417,-0.006358
40:00.0,-0.000344,0.003886,-0.00656
41:00.0,-0.000033,0.003585,-0.006739
42:00.0,0.000274,0.003269,-0.006894
43:00.0,0.000578,0.002938,-0.007024
44:00.0,0.000877,0.002595,-0.007128
45:00.0,0.001169,0.002239,-0.007207
46:00.0,0.001454,0.001873,-0.007259
47:00.0,0.00173,0.001498,-0.007286
48:00.0,0.001997,0.001115,-0.007286
49:00.0,0.002254,0.000726,-0.00726
50:00.0,0.002499,0.000332,-0.007208
51:00.0,0.002731,-0.000065,-0.00713
52:00.0,0.002951,-0.000465,-0.007026
53:00.0,0.003156,-0.000864,-0.006897
54:00.0,0.003346,-0.001262,-0.006743
55:00.0,0.003522,-0.001657,-0.006565
56:00.0,0.003681,-0.002048,-0.006363
57:00.0,0.003823,-0.002433,-0.006138
58:00.0,0.003949,-0.002811,-0.00589
59:00.0,0.004057,-0.003179,-0.005621
00:00.0,0.004147,-0.003537,-0.005332
01:00.0,0.004219,-0.003884,-0.005023
02:00.0,0.004273,-0.004216,-0.004695
03:00.0,0.004309,-0.004534,-0.004351
04:00.0,0.004327,-0.004836,-0.003991
05:00.0,0.004326,-0.005121,-0.003616
06:00.0,0.004308,-0.005387,-0.003227
07:00.0,0.004271,-0.005633,-0.002827
08:00.0,0.004217,-0.005858,-0.002417
09:00.0,0.004146,-0.006062,-0.001997
10:00.0,0.004058,-0.006242,-0.00157
11:00.0,0.003954,-0.006399,-0.001138
12:00.0,0.003834,-0.006532,-0.000702
13:00.0,0.003699,-0.00664,-0.000263
14:00.0,0.00355,-0.006723,0.000177
15:00.0,0.003387,-0.00678,0.000616
16:00.0,0.003212,-0.006811,0.001053
17:00.0,0.003025,-0.006815,0.001485
18:00.0,0.002828,-0.006793,0.001912
19:00.0,0.00262,-0.006745,0.002331
20:00.0,0.002403,-0.00667,0.002742
21:00.0,0.002179,-0.00657,0.003142
22:00.0,0.001948,-0.006444,0.003531
23:00.0,0.001712,-0.006293,0.003907
24:00.0,0.00147,-0.006117,0.004268
25:00.0,0.001225,-0.005917,0.004613
26:00.0,0.000978,-0.005694,0.004942
27:00.0,0.00073,-0.005449,0.005252
28:00.0,0.000481,-0.005182,0.005543
29:00.0,0.000234,-0.004895,0.005814
30:00.0,-0.000012,-0.004588,0.006064
31:00.0,-0.000255,-0.004263,0.006292
32:00.0,-0.000494,-0.003922,0.006497
33:00.0,-0.000728,-0.003564,0.006679
34:00.0,-0.000956,-0.003192,0.006837
35:00.0,-0.001177,-0.002807,0.006971
36:00.0,-0.001391,-0.00241,0.007079
37:00.0,-0.001596,-0.002002,0.007163
38:00.0,-0.001791,-0.001587,0.007221
39:00.0,-0.001977,-0.001163,0.007253
40:00.0,-0.002152,-0.000734,0.007259
41:00.0,-0.002315,-0.000302,0.00724
42:00.0,-0.002466,0.000134,0.007195
43:00.0,-0.002605,0.00057,0.007124
44:00.0,-0.002731,0.001006,0.007028
45:00.0,-0.002844,0.001439,0.006907
46:00.0,-0.002942,0.001869,0.006761
47:00.0,-0.003027,0.002292,0.006591
48:00.0,-0.003097,0.002709,0.006397
49:00.0,-0.003152,0.003117,0.00618
50:00.0,-0.003193,0.003514,0.005941
51:00.0,-0.003219,0.0039,0.00568
52:00.0,-0.00323,0.004272,0.005399
53:00.0,-0.003227,0.004629,0.005098
54:00.0,-0.003209,0.004969,0.004778
55:00.0,-0.003177,0.005292,0.004441
56:00.0,-0.00313,0.005596,0.004087
57:00.0,-0.00307,0.005879,0.003718
58:00.0,-0.002996,0.006141,0.003336
59:00.0,-0.002909,0.00638,0.002941
00:00.0,-0.00281,0.006595,0.002535
01:00.0,-0.002698,0.006786,0.002119
02:00.0,-0.002575,0.006951,0.001695
03:00.0,-0.002442,0.00709,0.001265
04:00.0,-0.002299,0.007202,0.000831
05:00.0,-0.002146,0.007287,0.000392
06:00.0,-0.001985,0.007343,-0.000047
07:00.0,-0.001816,0.007372,-0.000487
08:00.0,-0.00164,0.007372,-0.000925
09:00.0,-0.001459,0.007344,-0.00136
10:00.0,-0.001273,0.007288,-0.00179
11:00.0,-0.001082,0.007203,-0.002213
12:00.0,-0.000889,0.007091,-0.002629
13:00.0,-0.000693,0.006951,-0.003034
14:00.0,-0.000496,0.006784,-0.003429
15:00.0,-0.000299,0.006591,-0.00381
16:00.0,-0.000103,0.006372,-0.004178
17:00.0,0.000091,0.006129,-0.004531
18:00.0,0.000283,0.005861,-0.004867
19:00.0,0.000472,0.005571,-0.005185
20:00.0,0.000656,0.00526,-0.005484
21:00.0,0.000835,0.004928,-0.005763
22:00.0,0.001008,0.004577,-0.006021
23:00.0,0.001174,0.004208,-0.006257
24:00.0,0.001332,0.003822,-0.00647
25:00.0,0.001482,0.003422,-0.00666
26:00.0,0.001624,0.003008,-0.006826
27:00.0,0.001755,0.002582,-0.006967
28:00.0,0.001877,0.002146,-0.007083
29:00.0,0.001988,0.001702,-0.007174
30:00.0,0.002088,0.00125,-0.007238
31:00.0,0.002177,0.000794,-0.007277
32:00.0,0.002253,0.000333,-0.007289
33:00.0,0.002318,-0.000129,-0.007275
34:00.0,0.00237,-0.000591,-0.007235
35:00.0,0.00241,-0.001051,-0.007169
36:00.0,0.002437,-0.001508,-0.007077
37:00.0,0.002451,-0.00196,-0.006959
38:00.0,0.002453,-0.002405,-0.006817
39:00.0,0.002442,-0.002842,-0.00665
40:00.0,0.002418,-0.003268,-0.006458
41:00.0,0.002382,-0.003682,-0.006243
42:00.0,0.002334,-0.004083,-0.006006
43:00.0,0.002274,-0.004469,-0.005747
44:00.0,0.002203,-0.004839,-0.005467
45:00.0,0.00212,-0.00519,-0.005166
46:00.0,0.002027,-0.005522,-0.004847
47:00.0,0.001924,-0.005833,-0.004511
48:00.0,0.001811,-0.006122,-0.004157
49:00.0,0.001689,-0.006389,-0.003789
50:00.0,0.001559,-0.00663,-0.003407
51:00.0,0.001421,-0.006847,-0.003012
52:00.0,0.001276,-0.007038,-0.002606
53:00.0,0.001126,-0.007202,-0.00219
54:00.0,0.000969,-0.007338,-0.001767
55:00.0,0.000808,-0.007446,-0.001337
56:00.0,0.000644,-0.007526,-0.000902
57:00.0,0.000476,-0.007577,-0.000464
58:00.0,0.000306,-0.007599,-0.000024
59:00.0,0.000136,-0.007592,0.000415
